edad,meses_inscrito,visitas_mes,gasto_mensual,clases_dirigidas,uso_piscina,indice_fitness
56,44,8,56.132924701036565,16,5,66.58751299132456
69,11,18,37.184970914891984,18,14,72.62638156961737
46,30,11,73.2807347402195,4,10,41.88066223487221
32,15,11,31.079805484675894,19,3,69.04312073085225
60,27,13,57.17082179875738,15,1,25.265319310697446
25,35,3,65.68007125955383,6,11,41.15210524875667
38,33,12,42.35067369059395,6,11,26.51538658227389
56,20,3,28.305340332927543,17,13,50.7788592959788
36,16,10,62.33294383923532,17,1,45.527090342522584
40,34,17,48.05092965075383,1,11,47.06088391613237
28,2,22,57.19974108902615,14,2,71.3095190939357
28,35,2,43.35818101744024,13,1,56.81164852428916
41,40,17,70.97887023483595,17,0,71.00646193151059
53,56,16,15.0,8,13,87.52700539696254
57,28,2,50.64266326925602,13,7,96.89331849268498
41,47,22,65.12624225627397,4,11,52.20391764806806
20,39,20,46.580085672440944,10,4,65.6949064477554
39,6,6,49.535380395253675,7,9,51.90481979401745
19,9,10,38.489822811494875,4,0,75.28398830459426
41,20,10,45.31032761799926,10,12,71.39380223382884
61,1,8,19.922150802955425,4,8,41.789221103755025
47,8,1,34.22353001070463,16,7,44.732589094906594
55,55,13,33.198673093466574,3,3,82.72092714575089
19,23,24,55.03685986543947,14,7,44.01659774454055
38,3,9,36.42945361068398,18,12,52.76409309003354
50,4,22,36.8628667509027,1,11,68.50081818065439
29,58,10,39.331149595722906,16,12,51.68848757024824
39,25,15,33.77032946227024,11,9,85.67930358076394
61,47,5,49.03533403892546,16,6,75.66212011219682
42,38,22,50.66447204149364,9,10,37.316611966120625
66,15,16,57.37527869582639,17,14,43.289867769605365
44,21,13,54.791251234319134,18,10,66.75123082424474
59,35,22,53.29136617477051,17,6,53.95952188832081
45,57,20,40.06547499003835,12,0,16.1888199047469
33,53,18,39.103443744931816,13,5,35.58234255712304
32,53,11,31.931834964773156,15,12,59.68190594342211
64,46,9,31.66134466658848,17,3,72.8109758342442
68,52,16,47.91392114518891,17,13,73.09694074374207
61,14,2,34.20875938829879,15,9,94.25673910208297
69,36,2,67.02486200033938,16,9,41.17077874708876
20,12,12,44.437487653882606,6,9,42.12731640429301
54,17,8,67.5208516073931,11,10,54.493436986796596
68,39,9,53.57650581856751,1,11,21.480528355581
24,9,12,33.34145348292433,9,1,54.938495463981404
38,35,9,44.06930717127273,4,9,51.089902979687125
26,13,10,19.898214883234257,2,6,70.8343571705057
56,15,2,47.85638032597927,18,8,74.23041197122137
35,18,16,34.713473882320244,12,12,62.14547124084923
21,51,20,28.298129876771082,11,4,55.057487416919095
42,33,7,67.8322013782207,2,7,62.28030882927924
31,6,2,60.45881611476431,5,4,39.14344261588019
67,59,1,60.045584681436935,13,13,53.34646222395018
26,27,19,56.731669149764166,3,6,55.33532037744488
43,23,4,26.476664338113256,12,6,53.49829578014214
19,59,24,38.99280760789743,18,8,51.57948060338363
37,27,22,39.907445377951696,17,2,42.57461624899386
45,34,2,19.35394388851603,2,13,34.48794781507898
64,56,14,36.64498357734016,19,0,50.898194866314945
24,46,2,36.808530365744346,5,1,66.88699322695956
61,38,15,46.88998421242443,15,11,20.25190079921127
25,14,12,82.98581400357514,19,5,45.054366930990874
64,36,5,44.68655585092892,2,13,96.38192107790137
52,53,20,46.89771681854501,11,9,51.14046464513759
31,8,7,41.24684590853787,18,9,58.02699504904694
34,35,24,56.065693200806166,18,11,91.77457627341666
53,19,21,28.891241870313344,3,12,61.388705458436
67,30,10,73.44056242730909,0,13,61.845370498249764
57,14,14,43.137611887997714,1,8,36.79706651887237
21,59,14,39.07215250453403,12,2,61.256467724863775
19,20,5,59.550556104956996,12,9,54.704058306236206
23,49,18,31.6361611193272,1,1,73.49826988650344
59,25,24,55.78876474583,18,10,80.54645529356897
21,40,14,66.07755083393042,15,0,55.60623820095008
46,24,2,41.379858413954864,11,1,62.64191904368022
35,14,12,75.79262419619806,0,2,17.202512975118445
43,26,22,54.66437289391881,8,6,10.286963405239753
61,38,24,54.85041389496644,16,1,76.8638437957926
51,23,6,65.48798002778985,9,12,10.0
27,22,4,69.4610243195456,17,4,61.546725347099944
53,48,13,48.9275847960957,18,1,51.52689650823265
31,57,4,56.95358162065406,6,6,79.62705319236336
48,19,22,65.94512239741391,18,9,54.296494713882396
65,46,14,27.572833854578445,14,7,91.04507325635225
32,51,16,19.057464005510283,8,7,50.922031523335896
25,3,4,44.136691193911425,9,12,77.9269780386781
31,42,24,18.6976296387093,19,14,25.035271409920924
40,19,1,40.290073555380715,19,7,10.0
57,9,13,49.71560301298706,3,9,54.43575679462737
38,28,4,40.865418509173104,5,14,26.988072594876094
33,20,20,42.876104278444636,3,8,53.80147004791951
62,45,18,29.975002295686124,4,0,46.73608831576341
35,7,6,56.82215315956416,8,11,67.10286559910725
64,14,3,29.048049493164903,11,0,33.712520646470736
41,9,23,15.0,7,13,63.49307936898604
43,59,13,41.8899184120017,4,14,72.27898674004881
42,55,16,58.72529887379934,10,13,50.8858999855962
62,57,5,46.197461878244646,10,13,64.5646215222296
58,19,4,27.528044773796477,12,9,35.42862190075383
46,47,21,46.52926451109504,13,1,47.346891810568934
32,52,8,51.574555571525245,7,10,28.158591434790093
62,14,19,46.3547503727839,17,14,100.0
18,56,14,41.0312362966712,18,5,79.57587757821031
42,38,7,52.290580224641225,11,13,88.20238555120747
24,53,14,18.92359645769782,11,0,79.28877881033895
26,36,6,31.590669138561292,17,4,41.73681518735234
41,40,12,25.421878532920346,9,14,24.309573371482994
18,17,16,65.22579557982235,6,4,46.518537819716386
61,30,17,55.68047581482581,17,14,64.5061374805947
25,9,13,47.77687551471026,11,14,49.194944883200826
41,33,23,23.240675199707876,13,3,10.304127884995054
28,56,14,56.16221683422179,14,10,69.94149912637131
68,52,7,65.79810202487724,15,4,23.035801815530114
34,25,14,53.57242104695344,1,11,46.55320093355227
25,14,15,44.472338752446646,17,0,89.87568712427601
52,11,12,54.47577047775923,11,10,55.98133475976714
52,53,17,49.09374171379034,15,10,76.53318071135301
50,35,9,58.89114350459608,12,5,61.93639886842361
22,41,22,58.5552846268943,19,6,34.82195224387574
59,59,15,41.6840169508451,16,7,69.5863346117439
56,14,12,35.09037925673835,17,14,53.73548921581881
58,30,2,39.002655889707334,2,1,25.283390623372924
45,41,5,53.03775502507401,9,14,21.92674557177461
24,4,13,39.90840522303287,0,14,62.66538509056663
26,59,20,33.742055727692644,5,6,97.8269007574995
25,4,23,44.9856994312019,2,5,33.474926217742066
29,28,8,61.61185396003427,18,8,35.860572788476375
51,8,14,47.02662100701095,3,14,62.95592713684546
50,2,15,40.85673005999359,19,7,28.721447076988646
65,41,11,49.806476894201474,2,13,100.0
40,46,1,46.260588135748016,7,10,37.68658120568365
41,22,21,15.995444384854832,7,13,45.02115336094131
54,41,3,55.451387145287384,6,14,38.90917031752047
52,56,17,51.11187659920664,1,3,73.69521695965139
61,55,19,45.24257698418619,5,13,98.24499098697686
57,16,14,60.935350510843804,15,12,40.935114315987114
39,29,22,63.19499046375297,9,8,72.33154861940538
44,49,23,56.98152992210327,3,0,28.88186238628172
52,48,8,32.24548775946699,12,10,74.18547838880949
18,30,13,32.764333340595606,9,5,90.16721424393783
52,12,20,61.76003310002975,13,7,84.0471280239793
54,35,3,16.841641095822002,8,10,57.656484686824356
64,11,5,42.767287272568296,10,10,34.343731139814146
31,46,9,51.59738710546624,17,3,55.01542467503613
20,50,6,18.74388396828743,10,1,48.782213856494046
18,21,22,48.51514858275449,16,10,46.06617121546124
22,21,2,59.316436148789286,1,1,59.130997044438644
43,5,13,22.716358948447866,2,9,53.669071184258286
31,48,5,69.87255310041238,10,0,69.15687716465881
56,20,8,29.85254885851635,17,4,69.28689429515866
44,37,23,53.62104369715545,2,12,53.744028718245495
26,3,1,43.746053574620504,14,5,63.64514569201257
32,44,20,46.042734355506774,10,3,81.42770498810683
32,33,12,25.747572964887652,10,3,44.367988913663616
43,53,23,63.90709443529589,19,4,55.317852838958515
59,9,11,49.888251950253505,10,13,34.43289560334763
30,9,7,69.31260265354734,18,14,64.59728263403804
68,4,15,26.138741691314596,0,4,58.970156025954324
49,35,22,42.28148049181959,4,13,64.2173919206189
56,17,24,48.14293859553311,9,13,35.222815949536454
66,34,11,45.90574720942387,9,13,70.31131359795472
69,24,22,55.001780170086306,13,13,57.040457419907604
49,32,16,42.09122187114186,1,8,75.58995657849582
21,1,3,76.83039069451029,3,7,46.24532136749309
47,8,20,45.59763483282269,1,8,68.64821112200099
54,45,14,15.0,17,12,63.90062881114615
40,23,3,46.26301512509058,12,13,85.49301730581678
56,47,1,63.92195977299275,18,2,52.673802045242816
62,40,21,31.150408472241992,4,13,43.90247332170608
32,12,15,30.198672162431453,19,2,45.12427080043351
60,54,1,32.394154404906146,1,0,32.83359951988233
46,12,17,28.852847850343064,10,13,44.93856337628827
53,46,2,37.80897429441009,17,9,10.0
30,47,20,58.63945839523831,5,12,82.37532559186883
49,15,6,67.8949909261904,9,5,93.68095698873682
24,41,8,15.0,16,3,52.04829399621879
68,19,16,39.32318019633814,10,10,63.76202790590989
39,26,19,49.54046991565099,18,14,58.28018217706753
45,52,1,48.04017545077786,16,14,28.738813572091182
19,29,3,73.49909499934334,3,13,75.52519062900217
59,22,3,15.0,13,7,78.5090097767435
62,40,5,15.0,19,1,34.18032698090409
23,21,12,75.93318786057384,3,10,61.59778840755928
45,51,12,56.30150539871005,13,1,49.74477444282712
45,38,20,36.42942619570635,3,6,78.79844012488999
61,20,13,47.57398159601932,5,12,53.342488886293154
61,57,20,48.648264338416,8,14,53.88414034972275
37,29,9,36.06718814496031,11,4,91.41757638906367
47,51,7,47.12667556037151,7,12,29.291687183910025
28,4,4,50.32220061990179,3,0,59.961008615730655
45,55,19,75.23295392044238,4,6,56.7730166315738
42,7,22,59.451768334283116,5,6,42.92771771237801
56,28,19,71.08984710363113,4,9,95.79642672439005
50,28,6,24.846427744906585,18,5,61.730973795711044
18,4,13,39.79204110573213,7,3,68.43546189225448
44,22,11,48.63370475897438,8,11,71.29207966621269
69,12,13,16.183488703005555,14,12,48.582913371559556
30,45,13,62.72789007163921,3,7,79.83528499220735
58,3,22,54.633146584668935,8,11,75.81068890547107
20,22,20,39.49262220069204,6,10,52.55799219739699
56,44,15,42.24998484748822,7,1,73.7653361931655
23,2,21,63.80800333235622,14,1,79.79871811269523
25,24,13,33.068430785445514,18,1,70.90190139458093
44,34,22,64.41278024493431,14,2,38.2956081867368
26,27,11,41.21941895120568,4,5,53.15290547629998
54,55,19,56.339940791653746,18,0,64.50740867707168
50,41,8,46.30146308368481,6,10,60.04241003305469
68,1,20,78.49790769976778,5,1,40.09654390389678
59,8,8,31.689114148387112,18,9,49.268731353370896
61,23,10,36.40076066134599,16,14,62.037332399476405
41,38,16,22.408117834667532,9,1,24.815708290066503
32,6,19,28.548642494560184,18,13,55.386603892155385
49,22,23,55.69692161541774,10,11,68.93289449267708
49,25,11,69.00245458297591,14,0,60.65876070921739
41,18,13,57.39721305540415,9,2,37.85042581144371
58,17,9,44.919127504097005,10,9,41.3697552407709
69,12,20,31.595782475159194,2,6,84.73990465332227
66,6,24,58.476280074407256,2,14,36.24706393186693
66,26,19,30.770971422212433,17,12,78.71335679450797
69,27,16,24.76572398541361,10,0,42.57369429634547
29,8,7,40.37296000185143,19,6,77.60348212078466
56,19,19,15.0,17,4,65.82207942580035
19,42,12,24.27922688171627,14,8,48.03914067230869
20,1,15,73.28985503824231,6,1,19.669395313155903
66,57,23,21.497873633123966,9,0,62.97135401979581
54,29,14,27.17777428431283,19,8,58.63126273270581
66,45,11,46.07749361559996,9,7,63.278255577971706
34,49,10,46.858558200450226,12,9,65.78802980344426
66,35,11,41.48063553931719,14,5,28.717458758514077
19,40,6,15.0,17,14,62.86543613823073
19,14,2,57.72733991456685,3,4,69.85081349200767
45,35,11,38.35419900363005,19,7,69.61485375667736
40,48,19,63.30674283262351,16,7,29.93886752315082
54,45,6,35.327735677067295,2,13,78.08597494086509
49,20,14,59.73741508710865,1,4,63.57398978026905
50,56,20,64.44125173619153,3,11,66.11095945508549
18,49,6,37.9958658636927,0,6,37.08599879769896
36,13,17,58.2067529115847,14,12,70.14184368720991
19,38,10,25.071829828254042,0,12,20.521719043399216
61,49,1,48.955342306042404,5,0,38.03606257190941
43,46,3,63.33341562532259,6,3,80.33168565065424
49,49,8,52.777392689461855,18,1,69.17188875954034
23,8,8,81.0933588427986,11,9,60.8301617699219
49,43,20,53.61536988436734,0,2,73.87427754451849
21,20,22,39.52093121088748,6,11,75.26385347894293
28,33,15,87.61329589502247,18,0,70.15830356295167
34,26,24,69.50551526021326,12,10,50.65144108447596
55,39,7,20.956386573024048,11,10,37.43906919068618
41,21,11,33.237545926075285,11,1,41.731741514775244
22,53,7,29.427628394380147,12,12,83.21175442056307
69,49,4,54.68444406763584,13,0,29.490027658800905
51,42,12,53.56737055225183,11,7,64.81646808291909
23,43,6,53.451778985932485,19,3,64.84718249951982
39,54,14,20.55135810751574,11,2,84.36114266325913
28,41,12,35.42862680092426,5,0,64.79118282374239
65,9,11,42.760721179145335,9,1,46.535525344663526
33,24,19,17.67119176018917,19,2,46.85048825244198
50,37,21,31.92258350163164,8,2,54.884387650621186
26,49,5,65.34650565248599,1,5,77.65338506660086
23,41,14,21.688860030456173,6,9,71.130397174986
33,17,21,66.82890740577722,8,7,33.2857739821948
46,24,24,61.36723638803254,11,5,60.57325650609707
20,21,16,40.63894170293278,4,1,71.5052686795138
37,51,13,35.26690500948473,0,1,50.25649228821663
53,59,22,57.47741433217951,14,13,11.800511464368213
36,39,22,33.183897586565536,7,6,51.07053766112211
43,55,20,33.93003075080814,0,0,25.297005994738484
20,41,22,44.64197393992907,17,0,22.130901120067378
36,39,4,15.0,12,6,76.30331798059889
37,13,11,23.250366023974408,0,8,100.0
49,11,17,40.26508126497775,4,4,82.28570907494255
24,46,7,52.13544048318899,17,10,10.0
69,19,14,32.976390928819825,15,0,51.53974618902987
58,11,11,42.03584282967476,9,4,43.206231862214366
50,13,22,20.79810887793552,3,10,25.581553392337113
57,46,9,58.987257784054805,0,0,64.29717486178369
56,45,23,48.30123494341473,7,9,51.304125100148376
35,1,13,49.62818853958825,4,14,31.71820820842786
57,40,23,52.323759269773426,1,11,13.8730951242094
18,44,18,46.17191255242179,16,8,42.82167740990093
28,19,11,37.74340862139001,6,3,55.15814089547897
45,12,15,61.94481823080463,16,8,52.63166426085048
42,8,22,47.35321721641159,5,1,76.25564670416425
67,8,19,42.514208569898635,14,6,61.75968066266425
40,53,1,44.87018019119244,4,14,48.107425809744576
48,45,4,44.5505240026689,14,11,38.65544821875646
47,12,14,42.36351594112032,17,12,19.58146884122484
59,48,14,51.691595437618616,17,1,33.17448279680261
52,33,3,30.96209666816447,5,11,82.16641622172614
24,45,17,32.05813446389538,1,3,72.29345941849937
33,26,3,53.388955341429536,16,5,60.775364674895826
43,39,16,42.82140988908306,3,13,45.11861417904777
65,28,14,59.570896532146435,11,1,79.82039577165526
69,58,20,51.133185009477955,18,1,34.77767240732497
66,5,13,36.71058134885652,1,1,35.00640853593262
19,8,15,53.62644544693012,1,2,53.130450233515795
18,25,14,62.95786436938404,13,4,11.33722044982882
65,27,24,51.70469334181881,14,8,34.21046476755835
29,46,19,54.98377414600195,19,5,50.27542612795397
22,23,6,42.42343724094896,1,14,45.77532009438191
54,30,10,59.895598243207544,3,14,35.234899976464575
49,45,15,36.28964377605534,18,11,95.70793866406422
26,47,21,50.07814538610775,8,13,82.26520480506764
58,23,22,83.54259228653899,6,8,89.29203167068385
52,49,20,53.083215840384895,12,9,53.019114137472755
36,47,6,38.68933154112197,11,14,45.22828023317807
65,20,23,38.650616374629,2,13,87.0332691533837
33,18,10,43.92987454064483,12,12,56.704127239112736
20,18,7,57.768686725941166,14,4,33.79020621464094
37,2,22,47.18666263751073,13,10,35.179382917465915
41,4,17,35.27208280142405,8,5,48.51144582894293
50,30,18,35.24554510816965,12,9,54.55958983250782
41,33,17,47.28073996534471,3,11,56.6292205640476
69,36,9,45.63592480108186,7,7,51.328306260603185
28,18,10,51.82464253678531,2,2,100.0
66,37,10,58.76234843677342,1,1,27.93758003991753
25,19,7,85.91039553614249,18,2,68.45422520817287
53,47,16,23.069497248485995,7,13,45.45094545541166
55,28,18,55.30293190929662,16,8,54.22429022050497
57,40,6,46.474615625824356,12,14,73.80990856486058
37,20,20,17.33135653334117,6,5,19.34502432166135
52,49,1,63.742960854775916,8,9,36.082595131093356
65,33,1,51.31759839872921,11,11,52.32681229234367
42,12,12,56.997094392302344,13,3,84.52503549698996
52,58,21,19.50871582353476,13,9,84.41959418229185
42,51,2,41.693746087526875,14,2,80.5460287599689
46,15,4,28.81204582658556,2,12,11.13224383174397
35,41,17,77.44651414020917,14,1,34.00461661445598
63,39,4,62.16825518616572,18,14,34.82729739295223
35,2,11,34.78548325071807,19,13,53.895295095566475
19,29,22,21.950416485755966,13,3,17.93946935048961
52,41,4,47.910825995756326,7,8,76.95793073466652
33,10,1,61.386330034415394,4,3,15.11224850117651
58,2,7,18.97419591846106,18,12,75.65051886107885
53,51,18,31.023379935102454,3,11,72.41677602644032
50,11,9,28.416229364790617,13,4,33.11229997255546
21,13,3,58.00419248865881,15,14,80.23909156827386
50,10,8,39.452563671832316,19,7,48.33578690770156
31,14,24,40.08095216433742,5,1,43.146020180594185
38,18,19,47.61982020958452,5,11,46.571049804712686
65,51,4,31.82578781506479,2,10,48.286349360136924
37,54,18,23.344698949086528,14,13,50.1265206981718
25,9,20,65.54527743540427,2,2,50.580533560548986
24,57,11,66.93728562719392,10,5,37.19368174694381
20,39,14,47.69373689194768,2,11,41.83607884556682
34,28,18,48.782332585014295,9,6,43.56795046713969
50,3,16,63.91520964870012,17,3,88.45460632586718
65,20,3,47.3498033490561,0,13,43.5769497218315
29,6,15,38.713831410845316,15,14,42.29271034815036
68,27,4,45.59008690166195,15,0,85.32657610711192
39,53,5,65.89752955751209,9,6,48.559822862924364
39,2,17,45.79982502643209,0,11,37.195365456818735
63,29,7,34.959261980196715,3,8,32.860854688382965
47,38,16,47.20503073927647,2,0,26.59679129638448
55,3,14,54.84334706303646,4,13,65.82369948902888
55,16,16,53.043802423585475,11,0,18.91298457822073
62,30,7,53.29235922107414,11,0,81.92675412702724
68,40,9,32.59983481299855,12,9,53.17337321873737
25,2,4,56.55155349837685,11,6,46.2585123444111
44,17,22,45.426989088184335,15,10,50.43288922630094
44,41,11,34.323132487958176,12,8,64.26113309892256
51,12,2,56.4322757047805,4,2,45.60321932498772
38,35,12,38.19541726624854,3,7,51.1645657621654
47,43,12,21.385539771666704,14,8,76.06159627184232
50,1,4,29.99096428334517,11,2,61.93811278806402
45,55,18,42.275446004293755,18,11,30.00076281208234
64,45,21,53.674534231669185,18,11,40.84503331156228
50,15,7,32.038950718678635,10,2,19.371666999334984
22,26,1,41.39006309343698,5,14,67.30493139017757
65,37,23,26.75089152505413,8,0,69.43999683561653
36,21,13,59.730493743597165,0,1,36.312690002480664
21,49,6,70.75996670933327,11,6,100.0
52,31,6,69.13923786732481,13,2,100.0
66,25,12,59.47469325729207,5,6,55.45619066526318
34,23,8,57.937649356803924,0,4,39.05264897799891
61,24,24,15.0,1,9,60.47602378863285
45,57,22,47.65759848330158,10,7,38.579361201046616
47,38,19,37.55861064510138,2,4,74.0006459233403
46,28,5,58.20699541567352,9,2,58.32718512055964
63,21,18,15.0,5,8,59.765473339734164
23,54,5,47.89451554155267,5,14,90.18331610940436
52,43,10,41.783343242513965,19,6,42.61953347550844
58,18,1,61.77644899397106,1,4,43.42018216288703
54,36,10,68.21980580512107,9,6,72.16740918830794
41,35,5,31.067309744808476,5,10,46.56005246533158
46,45,12,31.74434346154777,16,9,87.07662843722832
66,55,22,48.457449318175705,13,8,75.0099327298112
63,9,7,71.00644037282312,4,4,47.57277785869682
48,53,9,45.902170159245244,16,6,18.768663363722084
52,38,22,25.812578769685043,1,10,25.95512908083382
50,58,21,35.91197330755061,8,8,45.36467877515093
69,30,12,48.03996246695193,11,0,63.094197371794436
38,44,23,48.60303642845935,18,3,77.04554216603354
49,34,1,34.4386854661144,6,0,50.65424800901806
40,32,11,35.613139593305675,8,7,37.22223465950981
50,3,21,30.276480081654025,15,2,52.18516398653438
20,3,15,62.11756775780693,19,1,55.40738702220652
35,28,2,32.478372310599156,10,13,81.09890634765938
42,44,20,38.028086941225745,11,3,79.98848383593767
59,15,7,37.60120625214071,14,10,34.96195646315111
48,41,21,20.91064128726913,17,2,64.08183596540762
20,23,12,32.04877042773276,18,10,37.923078491165796
57,40,22,63.422063989298074,15,4,38.48796273136543
63,11,18,26.86068237313908,14,14,75.77351026192915
41,48,3,30.545365472604487,4,12,51.013850554659605
67,32,7,25.01181339331111,10,7,67.79723469149027
49,58,11,43.640826596531085,14,9,65.69469312075108
64,59,18,73.28215081899435,17,7,53.41029246381338
39,57,12,43.00958667709393,12,10,61.65975465022762
40,54,6,46.00143188031585,3,6,59.077068174511076
19,36,5,33.06829146199517,16,7,31.99100426735932
44,33,1,44.07572932811591,3,12,64.74651175171451
59,24,12,63.435754595214235,15,12,40.88004990271932
19,39,11,47.143640814572606,14,4,33.618105515750685
43,34,4,76.97655123093246,13,9,72.09286844685647
34,56,18,63.89219568458537,11,9,43.173613872063584
57,28,4,43.705254818326004,2,10,77.21376259200048
50,37,17,43.41318186611827,9,11,76.96719497068295
26,7,2,69.46384706435447,7,10,45.46497915813379
60,4,24,47.059883637828435,5,12,76.3668188404653
65,37,22,66.13382340407584,13,5,47.21349639256347
56,56,2,75.0436101019,16,7,53.63220476817826
46,1,12,41.93670948263836,18,14,64.87572001399451
59,1,6,50.279330489025234,15,12,95.78792826794356
43,47,10,59.70006276849569,14,0,73.81794292369798
52,20,23,56.5125005853378,14,5,53.844208936616894
67,19,21,56.407360993807515,0,5,57.06604712338448
42,29,23,24.997892592333976,11,14,23.337551345619495
41,10,16,32.273749077573015,9,10,75.09603001802276
30,18,14,37.570994685882184,13,12,72.94673491409876
24,28,7,63.21631205203013,9,4,60.6698461274137
53,35,19,26.46937639309671,9,3,69.35512279473774
62,43,23,67.84840060768259,19,0,14.496247987755773
37,47,17,56.69751171118024,10,10,33.364687667150584
18,31,9,62.313453370841614,15,9,91.0294722918436
25,27,13,31.05700384132502,8,10,49.84545335135301
63,11,22,46.08453544035196,14,7,70.14865934879263
33,49,5,49.48414179196975,13,5,40.06720876685547
31,49,23,48.824505030340404,18,2,46.156646693156816
29,38,5,49.434861012700765,8,11,92.09365561864621
68,5,10,40.852102794073325,3,2,51.850963620271955
40,8,21,47.02810621595489,6,11,65.4712014907608
32,34,10,60.5034593259778,7,5,57.60911582995439
45,48,7,27.502315373386647,7,11,59.92834346245235
51,52,15,68.20575178358105,18,14,59.24454391217249
19,56,7,59.72848434552671,14,6,15.44793459402213
49,12,15,30.521971609750004,15,7,64.54131733516522
40,38,3,50.75754065182982,8,4,44.24741209028208
39,1,19,58.52248164237067,11,9,90.59134344523889
68,31,10,26.470600141714744,15,5,39.547195126155735
42,4,15,45.62967650064901,3,11,45.56797292965531
39,49,3,43.82227048747491,4,0,100.0
39,45,6,35.31629186239658,7,5,69.4680975074812
66,50,12,46.3853525514602,0,8,35.33161984886732
69,5,15,35.995701360558144,5,9,58.52822318744505
59,30,6,65.61460603456106,14,3,30.592117368718338
23,56,13,35.60033518008885,3,13,60.151733882646774
32,24,19,56.87968410019737,10,13,38.912431146599936
60,59,3,20.169204185697534,4,9,92.29696930740822
54,3,8,42.572852942250584,17,12,63.41768947863429
50,11,8,45.18466736027038,14,0,65.55104367034272
25,45,23,42.08563424076704,17,13,73.99502653751776
61,4,20,39.05522554206914,19,10,76.23246294399759
61,26,15,34.98727461982317,12,8,41.21860131502723
22,27,4,56.31811170022355,4,3,56.89937474111496
56,46,19,59.9918678264307,0,1,46.09041793794438
21,54,21,43.76758671215025,17,0,96.8814619170864
23,43,3,28.550437379675405,13,2,10.0
62,27,13,71.90923997080242,4,6,43.49779966487507
49,42,8,31.80303850638179,5,10,53.40077169785101
69,51,23,23.10866612275279,15,9,57.73871810205301
47,50,16,15.0,11,1,57.330376023475814
64,6,13,46.4917784536899,19,14,54.076962755156806
52,59,3,41.738754217271456,17,8,51.751640296211015
57,15,16,60.46434973719509,1,11,59.8259393712308
69,53,9,54.16626845168321,12,12,64.23005999021007
33,30,14,49.353018368775565,16,10,90.81417755111885
30,42,13,40.92949206805876,16,1,90.63720607101955
67,37,21,61.649659082965,15,4,61.01993720206376
59,58,7,73.01084852628799,17,7,45.09308826239871
47,37,15,60.134687986948556,7,12,46.49225478230501
36,42,7,38.04702553726185,2,12,28.718166688175025
34,37,6,56.72348330823263,16,11,74.06468869939687
36,35,2,38.968654117991775,17,9,54.105306418012226
45,23,9,28.423990262100382,5,7,63.7452318438352
43,6,22,31.514414068170822,7,2,61.67494634363884
54,4,24,39.62732393793382,12,1,41.047591783963966
43,18,17,46.55939518445316,7,8,38.578357070279374
40,9,5,75.90871728863189,18,2,45.94175014052666
26,49,12,31.774657865821986,5,7,64.71452653593893
29,29,1,64.85232734536993,14,1,53.38496658917469
18,13,10,40.24110672461146,9,2,19.69379351370324
18,59,11,15.0,16,0,34.517079376310086
64,47,16,37.41410995604493,0,13,49.65256311736927
51,52,14,62.65045489751536,6,10,54.391792631384504
49,17,8,50.170042789938535,12,5,65.30958731929996
65,45,24,51.06676797995935,2,12,55.78521938061058
42,32,17,64.9275601326657,18,6,47.74575383225
57,48,18,29.454955665964086,14,3,47.058273460751735
62,22,12,29.22374354861625,4,0,59.02925087687087
18,4,17,15.0,10,2,63.36097936842773
33,5,14,58.15623106864177,17,8,48.40394643609124
56,37,16,53.43726350444405,2,4,33.44611821811587
22,41,14,55.85949779386671,5,5,53.02789183546262
39,49,9,27.254831639148293,2,3,42.00276841603596
46,13,4,20.93626566120221,4,0,60.75160598712941
20,34,23,25.205725373500012,8,13,84.61495373449607
29,45,11,31.161415914619436,18,4,27.96871486155453
43,22,6,68.30938363369282,12,4,78.01393393393047
33,53,15,60.00190085673753,5,4,64.3807918689493
68,59,5,38.126690390695195,10,14,77.0568142146709
54,23,11,49.48877989889977,13,5,46.285111930760195
39,51,18,34.82456630778392,5,10,26.079445721111703
46,3,13,50.464196411724856,5,1,58.593915374341414
31,42,11,27.928563933870027,16,0,82.99370513142946
45,34,14,56.25377168960897,10,14,33.78956766636401
22,32,18,32.2544505362341,14,1,36.79375629714637
64,45,19,57.088725428147356,8,12,66.74397379647111
66,51,24,38.58865637708487,16,9,44.75586221454297
47,58,15,33.14886069602589,6,5,88.32170085976614
63,49,9,69.19495075874484,6,4,68.04151406260321
69,21,8,47.654192773406486,0,14,40.61553368023263
22,46,20,40.16727943427164,7,4,43.707073009158606
29,44,1,56.372674625268964,4,11,44.49787572444822
33,21,4,24.900133956376724,18,11,54.14159287426417
43,44,14,61.60295383890538,7,14,61.089026981606324
43,11,2,42.90832940387326,16,5,59.6286169930492
65,39,16,54.01181573502656,18,13,32.505915821471255
38,4,3,21.781898084653708,11,9,73.03751249866464
56,51,8,39.26361062800507,14,6,49.1983786523083
53,1,6,45.06870209018226,3,8,36.449287835026205
50,28,16,60.45448820427793,11,6,45.73909678956343
47,24,24,55.20616595906224,12,1,75.28615604489966
54,35,16,39.11284443573875,13,5,58.806466545291364
40,13,7,49.769216359850724,4,8,60.55123065819965
27,47,13,63.84853652590473,15,6,31.600237846071696
22,34,13,42.0001727486616,6,1,57.64466321114344
53,11,5,40.36702559347039,14,2,74.95063539727128
51,36,20,16.654430358706314,12,7,18.94040238367478
69,51,22,40.81391496985785,15,10,47.22100715630429
48,17,18,18.905594419732175,11,8,67.46362027481246
27,35,15,43.284979814501895,6,3,58.16488438969594
36,18,18,59.822027148641205,15,8,34.62390029350103
49,40,2,15.0,12,1,62.96525726666978
18,22,10,63.513132369311855,2,12,31.651778927348488
22,57,23,40.04665310015702,14,10,37.649059312496675
62,24,13,44.59252699310091,2,4,39.74884312967878
21,58,18,37.463703297921874,6,10,85.86776299410252
33,19,15,19.30144676177011,17,1,21.60579934191523
41,37,12,33.255162385556396,13,10,23.08209150771582
33,39,15,76.46115102674227,17,0,60.66643439588564
19,21,13,28.559317556198227,18,12,57.09605773213335
66,8,18,21.171864574116746,13,13,45.60132764146521
45,28,15,47.11936541110654,19,4,55.27650382571607
49,5,23,43.71335227241526,5,1,33.70919793150177
44,17,11,40.15005313806528,7,13,56.84253224671807
37,37,19,45.21671915028384,6,12,59.19179024502631
41,36,3,54.66303916044235,19,6,79.29400236610769
29,54,7,36.192546003220286,17,7,93.14560342502867
67,19,21,47.91615312423925,17,1,49.647682695857995
52,27,14,60.35811993195006,14,6,29.533745995884786
50,53,14,30.070669998678078,19,3,62.699487508679745
50,34,22,15.0,18,0,52.323864477700326
68,11,13,55.06212738143874,1,10,51.43827544778697
60,54,12,82.5444386340446,7,14,22.778530913430316
54,45,24,44.889680195267765,10,2,56.97231085738237
29,47,9,48.02898301598935,17,10,63.45717983971427
20,12,1,40.56287350359014,12,11,74.86809558685881
18,54,19,68.82091262265388,8,0,44.89027727630083
50,21,11,43.833646005827,8,4,38.49234525577583
57,54,23,42.201537599775975,16,14,44.73064270776531
27,11,22,58.662957214038045,6,12,73.67358543289954
60,39,23,37.73590556704767,8,7,82.72216471663577
61,28,24,25.729594483862186,0,0,77.41980639479607
46,5,22,58.23450569318541,1,13,67.95377396519599
30,17,19,36.126791884917814,3,8,54.35638702629486
29,56,18,30.368099584859806,13,2,57.4746991805951
48,20,12,76.5007223785978,3,4,60.39082956142683
63,41,23,42.32104795165932,1,8,49.95764979045097
19,46,1,52.41339123445999,7,4,72.78361921010953
68,58,19,45.44292361511665,17,8,21.94461040513908
67,12,20,31.70520764444507,18,9,25.645523973431885
52,6,17,55.341504300328836,13,7,21.9094129389197
40,17,5,49.71868475680087,19,6,38.95617306783649
34,51,3,35.10930252540101,9,10,81.9238278031365
43,19,2,51.49785506784508,16,0,31.220873223635234
25,26,3,37.28534858804997,7,3,31.95720138519632
46,48,8,28.432569598372048,13,8,38.492652719568525
43,44,16,26.91499118471815,7,9,77.15027285970285
27,44,6,49.050879314444686,4,7,83.70575731037043
43,52,13,39.25903605107334,15,3,75.30111890963553
51,32,23,67.52556028565942,7,11,76.54085088644186
68,6,22,44.35562829993065,9,0,88.03804249696242
58,55,22,33.22195059819627,7,9,19.07002978765299
24,58,16,47.36726457965868,8,3,30.50224173780879
21,36,16,25.585990176380903,17,14,40.98529679308097
67,38,3,43.738031392129464,2,2,57.07456531364382
62,11,13,49.78750164717413,16,5,57.0097609285284
28,33,14,47.93508461452958,19,10,57.32177336623528
46,24,8,64.54199895779638,14,4,71.68438469849069
53,23,12,83.96275688766676,16,4,16.643069428980688
42,15,23,55.07096057011927,7,1,52.19336042235327
38,27,23,62.6819449167828,1,11,60.31218405825562
53,11,22,83.1519398948586,16,2,48.48988264384796
27,57,21,29.90661228275286,17,10,58.78272840826146
54,51,8,46.959411131625124,4,5,75.44422285378337
26,50,21,37.83005201870012,8,1,56.24443699980731
41,17,9,57.63986565391608,8,14,97.75569880983893
52,51,1,49.074283792149316,1,3,74.017744676851
66,53,6,32.72351520144099,1,1,60.32253078934918
52,14,23,45.16421724520567,18,8,65.07460178929095
65,27,19,60.703841094838275,2,2,69.8663667984329
53,18,23,25.444130534624005,16,9,88.70843867138106
35,28,11,33.03983166541531,13,9,78.48578152619763
66,51,11,30.790873724372872,13,5,65.28411510432565
56,47,23,49.895948332303654,13,14,40.42692587228584
49,47,13,63.6077411942244,5,0,63.29855171605626
41,4,11,15.0,2,12,66.57869866788467
40,7,18,46.41597845217875,0,10,70.55705884064955
49,45,23,31.136689240872236,15,13,40.32201266335822
54,35,15,60.08104162244976,3,14,69.7614293542469
29,48,1,41.445475866431195,0,14,71.01024079799708
66,9,21,46.96010908616096,16,9,30.802679917437526
30,8,7,44.9799450719691,17,2,30.971372878336222
40,52,23,61.863282047847676,7,7,77.3603073758583
42,45,13,75.72947296196674,1,4,37.896649773933795
52,17,12,27.980020051778382,17,7,85.75470563790036
58,17,18,30.711658230080218,15,14,49.42124329111478
47,49,24,49.82246853832061,9,1,62.697396955354286
34,33,19,32.75396477547122,7,6,61.72592456654619
66,32,15,59.00375655600411,11,8,40.71060810697997
37,8,8,61.411761886265054,15,6,82.80912660060326
65,19,19,36.80135531630313,11,2,49.44048402269077
42,38,10,33.54694100037787,10,6,56.17577641378662
39,3,7,40.87831467520921,19,14,15.35668791718986
30,59,18,46.56027320944528,18,7,28.272190183039566
36,5,16,49.722557848427876,0,13,77.54257569131919
66,13,20,15.0,2,0,54.88935331016809
53,47,6,30.488167217248222,11,12,43.28867183522565
29,46,9,38.93850976694124,8,12,43.61012883801923
58,31,21,33.0451600237967,4,2,65.97173951333993
36,55,13,15.0,0,4,80.20742176127686
29,16,21,16.674413019679594,9,11,43.7653727506261
26,50,8,25.419622116234496,16,5,76.91723595370418
24,32,16,43.270736987201715,3,2,51.79848674323438
45,22,13,38.45696709778036,14,14,65.01299113075018
31,29,13,35.52646376207138,18,3,19.499222832103364
48,22,17,56.94772441189261,7,4,22.92645836433792
69,43,23,56.94200497385643,14,14,71.40171496717826
36,3,20,47.24877980222811,6,2,60.49885880537167
64,54,5,46.80180424077987,14,3,63.07354396716286
33,10,22,32.15009173599883,7,4,33.424619010717684
22,42,21,33.94511504015208,9,1,46.555301493630395
52,21,17,19.38525925312173,17,9,21.555040223000425
29,16,9,41.23872852332504,3,8,38.05103630201135
42,12,2,56.78611934566795,14,9,54.54276127747441
69,2,18,65.3149484516184,10,7,61.556540150567656
38,41,9,41.32830213141805,2,11,40.74140372450991
53,24,6,52.37503248014536,14,5,66.04307068766555
40,35,11,15.0,2,9,54.234394685617374
33,56,6,38.50607519402364,14,10,50.481403728944315
56,30,6,38.15456429800105,5,2,56.67262405178391
62,57,13,67.36752471338075,0,10,96.99238451900328
59,30,11,50.89400191382127,13,1,51.779863119907965
56,47,14,52.41383134320911,15,6,74.04487185777813
31,35,2,51.634924664984894,0,7,65.92570555423184
48,19,8,45.68164098498332,16,9,50.03681244009802
22,50,3,67.98547996273695,7,0,23.994277007173537
52,8,23,15.0,17,13,42.45545514448795
40,26,21,47.19315613073127,15,14,56.52766987006927
46,49,3,61.947042774593456,5,5,52.904464471897796
60,40,1,16.629098202110274,9,6,80.93266346348274
28,7,24,57.56876780658453,9,14,40.32996583598407
35,30,19,33.58255138102025,4,12,52.063772633498196
64,7,18,46.647238932630614,11,8,65.7272891374378
29,3,17,33.294609285818595,19,11,49.43727079351233
26,1,20,59.38727514823533,16,2,74.47347013267994
27,36,24,40.674571781646506,13,1,33.24864657047499
61,25,13,57.68695284535818,13,4,24.6046564384454
34,37,3,51.52994754396512,2,12,49.27158810034884
55,1,1,33.09311273911742,11,14,53.57926317574436
24,15,4,52.527887855932875,19,9,59.362017608920695
63,37,13,35.04646412980902,17,0,57.76909365951987
30,13,17,45.961921407599604,11,12,46.832073409279054
57,40,11,40.401084577653,1,5,24.840644412584886
59,8,2,58.4986779958316,1,8,52.625824547725564
26,5,16,53.10483406106127,16,9,34.21510756204465
67,9,2,44.53917677092886,9,14,56.41112371757636
44,1,19,34.71432334266508,17,8,32.84014949779694
19,36,23,25.965127652539227,18,6,62.5842022212514
22,35,19,47.034846289360466,0,13,88.35823841934922
46,2,16,35.51563660272362,3,10,40.48056453658811
54,40,22,16.83005763639262,3,6,29.69790483654195
55,23,19,25.049571885056242,1,14,77.89020259369325
36,9,9,69.38812958312576,18,7,90.34001755180833
25,34,1,35.10035422515832,11,9,30.088386447226494
65,46,10,61.23244166265602,9,13,53.16934866479723
62,14,19,39.65025409202579,12,1,64.73513083458478
18,4,1,63.5936645274122,19,13,49.79486624757356
39,30,2,62.50746026211567,14,5,19.96777385389771
69,31,16,32.61456859649014,2,4,27.54176619888812
34,38,12,15.180364997885924,19,4,29.644135894424938
24,11,8,16.450192844545196,12,12,34.19791795555771
42,35,23,32.870077440664396,7,2,56.73702490514883
62,8,18,73.34451638336313,6,2,76.95459682468267
21,3,2,38.841568876161915,7,5,27.850777287384304
53,14,13,47.17865925110182,17,11,39.28178812158794
23,13,6,64.55005299305085,8,9,32.80078728584927
48,45,21,46.65482044667532,5,12,60.76827897118973
36,32,6,46.13836557781162,3,9,38.561516761165294
61,34,9,54.3399479091772,14,6,34.785588330468
56,45,16,49.33454633264981,4,13,23.05876810556755
44,19,11,43.50799342494773,4,0,82.1943161819286
27,59,7,34.178259852038366,6,13,98.79124350562142
43,38,10,46.17733336298184,8,2,56.68346734057048
36,16,10,61.415996956247106,6,11,84.71190645929295
56,2,20,71.73006880498082,8,0,43.661776544984214
20,40,18,49.38414962353365,19,9,54.982057405672066
62,17,24,56.32741702643959,9,2,68.02546396452556
30,55,20,49.04596060744218,3,4,39.96465119794287
67,34,9,43.690059533945956,5,8,51.810972841297655
45,42,15,52.713856179190266,13,2,49.34231001381248
37,16,4,62.83999251468727,8,9,63.75477144093587
45,38,8,31.70457245971282,0,13,56.2412572939723
25,2,9,23.229049465306367,16,9,40.451889308084574
58,2,13,37.004876255453006,12,8,48.98218678353626
56,26,9,48.174929149495554,6,0,77.29487175222211
18,13,4,58.04807426431847,8,5,65.97711000332441
20,56,17,30.157382627167678,10,8,64.23691925889901
30,47,16,15.0,2,11,100.0
45,31,15,37.358270149934754,11,4,32.3810006758345
66,34,3,42.09128661512646,2,10,69.19518672597552
42,39,20,27.56589774882843,14,13,56.09607455834339
50,3,5,33.65863606774032,9,9,61.876329546954096
55,8,23,58.009251151304966,0,1,58.64565091060324
23,23,5,46.171801043941485,13,4,40.969885332672874
61,14,20,50.18433177913977,19,0,34.298972685496985
62,56,15,39.664766525841785,5,8,54.99664431404596
49,55,18,33.68834383562511,1,9,39.35649780553606
62,27,15,39.55652655863784,7,12,47.60789877529052
64,54,2,52.48320291269538,0,9,70.96320510514956
38,29,13,22.63019682988175,3,8,30.462308130960803
33,39,4,69.75255389748017,3,5,51.16575741010476
38,53,10,53.62287743523604,4,10,76.09032085982729
28,39,13,36.961798435639274,19,8,44.85649929194382
54,1,10,57.20110676829751,8,13,84.38910443630076
53,17,9,63.33523600609662,12,2,23.98411670820458
52,41,8,40.044929255963424,17,14,91.38769081098681
36,30,3,41.75122815352408,16,3,55.359668050331514
37,53,16,67.40211320209508,0,12,28.427207032238147
35,13,14,76.78462720377148,14,5,71.66355282278879
64,21,9,45.44153486352161,1,3,63.616702318530486
58,19,21,27.626784793665387,15,0,82.64295566701368
66,53,11,37.94096767613162,19,6,24.279181389908715
31,19,3,60.495236167038016,4,4,33.077669228051434
32,57,5,29.54677055979308,18,13,70.40103561481395
48,25,10,41.875752003614714,4,14,100.0
18,22,13,49.388773221474445,1,7,66.50497365820726
20,31,4,31.15927970388499,6,8,69.60173566876803
33,17,24,61.446518428141154,2,4,39.774709455717655
40,55,13,55.40951272806562,16,7,51.363003258817876
28,23,12,75.14318864287938,2,12,42.60331005544858
29,32,5,56.721913437866576,12,0,65.04685456887448
27,10,10,30.586655466509423,6,0,73.59051296791294
49,10,24,52.955535913637874,2,6,58.714335670008595
33,36,9,59.82032510273784,14,14,70.90878725409824
25,8,20,60.5921822118802,17,5,54.425097840964185
55,54,7,33.34736778163896,9,4,81.49310721870194
29,52,2,31.554934464667873,6,13,37.76898434214307
41,20,22,27.905443213364826,8,14,83.31872630257888
45,32,24,69.070979912083,4,4,40.67714229046871
25,50,23,54.343182357630575,19,13,55.32773836959272
45,14,7,32.68172063686934,7,8,31.114179167173177
53,50,8,46.90783408135681,13,0,65.1193684102986
43,28,7,43.14469029898464,3,7,57.62970137054733
25,46,21,30.411277965514756,19,1,69.7729279009403
67,52,23,45.542759159349046,13,6,20.32425846912264
45,53,14,47.860429315806584,11,5,57.67710240740175
45,24,19,73.96879641977849,1,9,63.0696147969464
54,15,5,35.164687113505906,12,1,35.22841484290737
58,22,23,19.359010137069927,0,11,65.66031871931634
53,30,18,29.26569396966034,19,12,10.0
44,4,20,31.610288648516665,6,2,52.44549318012423
34,13,12,38.59609235950657,8,3,83.24991946507586
26,59,23,29.302444063092864,16,6,52.2726260070834
50,23,17,57.3318300872841,12,7,40.618708724400534
37,8,13,28.259508554857803,9,12,53.70707953429555
30,18,2,45.300269524488456,15,10,56.98109754590841
45,12,13,75.00288275283262,5,1,72.9270708525101
65,55,7,53.30352407645436,15,7,57.597739850485326
46,31,10,51.76135517568539,10,10,70.24059634372674
30,14,23,72.8597430111774,19,8,56.841048483236264
63,34,6,63.6847434635546,2,6,40.01362783123534
52,18,3,53.47686551028905,8,0,26.96288134916195
23,56,3,40.339097250832964,14,5,62.43366428572879
35,34,18,44.6596668781531,12,7,10.0
68,11,11,43.9304419850069,9,4,19.69596309753865
22,41,22,38.97861678641837,19,11,27.039308974881063
64,12,20,48.18054767824387,12,14,69.29244401676075
42,49,5,50.26121545571484,16,1,25.20414389998823
19,15,19,26.330572992626614,6,14,64.40275353792605
27,57,22,69.48063749943448,5,4,34.36045283671158
47,31,19,51.14696269609922,12,7,52.07033652980425
67,49,15,41.058255570740734,16,1,53.74792951917241
62,58,16,48.31763968094186,14,0,51.77095130464375
22,29,24,58.955533367379005,3,14,42.067006282023115
50,26,9,22.999703811211614,14,3,23.67253312917618
18,18,4,43.424089102796316,13,3,55.53665474629591
35,32,15,27.212163377065007,10,8,66.15308282565637
49,22,12,84.85505731463431,3,2,68.58415060464371
64,38,23,47.07279071652922,2,3,56.63577600905144
66,17,3,27.333815286007404,1,2,60.152064094907175
28,23,23,98.9920017104609,19,1,39.57783476592742
38,24,14,36.959721318294164,9,3,63.9893939031825
43,50,17,41.863801228856886,12,13,63.253373042870166
42,8,19,42.94802640021956,19,7,49.04394520933381
39,41,6,32.28070415146447,17,0,55.961688968688286
44,6,4,48.71028026244214,15,7,54.464089683870576
66,5,7,15.0,10,7,64.13084619658063
30,44,19,61.28847574315937,9,14,24.123446078356253
50,57,17,28.082926938941693,8,2,23.725827240461935
51,29,16,38.77017716534532,11,13,24.763838849416096
58,28,15,56.27279510529244,18,9,46.104675346877606
52,11,22,41.93308472540827,0,9,64.10614950605223
18,57,8,42.5467837935356,17,11,10.080218546273358
38,1,19,29.818838359053437,13,11,56.880131897745606
65,43,8,76.43472326205675,0,5,78.8750061630067
23,19,18,52.97223573309885,16,12,60.46301174996403
45,9,16,28.7582257759625,10,12,14.622165283747712
34,27,20,47.67273669086777,19,3,65.42132659995882
22,34,19,27.69798008023035,14,12,59.84562545885421
48,44,10,70.83621440984174,3,0,48.147264975354
22,4,17,47.99456941062819,14,13,58.63554439739346
55,36,13,30.366802081394,13,0,27.082694431504027
20,18,13,55.46386103435875,0,4,56.019773961587774
40,15,7,40.8288649192753,8,11,64.5718474089374
54,51,10,25.676570167162787,6,7,41.14147664461238
54,13,2,50.71569500850315,10,0,45.58349210850549
27,19,4,50.29262751206841,1,1,43.647503706403754
27,49,6,62.06600448851097,1,6,45.49434368575396
36,6,24,45.96755335376697,5,7,38.39710738089765
34,48,18,46.605904304378264,18,11,39.587331313920856
38,56,23,47.40199554817776,19,13,65.32181118211237
31,12,6,68.92924491760544,13,2,20.14612682413079
26,51,23,40.34889715088894,2,10,58.659819692779706
63,37,17,52.04182453208597,6,11,65.28291247381014
18,17,14,54.25118178023418,6,12,27.945988680275594
68,58,24,50.246647788461395,3,7,53.46878252765281
62,23,11,39.78143090910644,4,0,36.66920315085956
30,26,19,46.80906010961255,16,8,77.72655858888261
21,29,2,43.59513357850724,3,11,50.887392919096314
18,33,3,74.38815540167705,12,1,84.46236264593684
66,27,11,38.13354321853041,15,13,81.44554792366407
57,25,6,31.311322106216576,15,12,61.14658332562749
49,56,14,44.90697462850387,1,1,97.85415262964837
51,55,19,43.84952703856991,17,3,23.51041451370971
45,10,16,47.95265280252945,0,11,83.90834479158234
48,47,21,38.138300966980026,17,9,49.63851181877343
25,23,22,46.65560219899315,7,2,52.466238779884414
56,21,24,46.94410558456817,10,3,45.77540745345676
43,21,7,58.589845340400075,14,5,25.998969169701198
51,43,8,46.39509575563728,15,6,66.39193028029672
20,13,19,46.537125459473835,16,4,30.185672117915075
67,37,20,52.74519569562776,16,1,43.18003062457289
29,33,16,58.014825947722755,11,2,44.06535180809484
18,24,22,30.244863185601318,9,9,74.91153102425795
61,44,7,26.215191601997677,19,10,53.526468278624094
22,11,9,70.43219444075717,5,2,10.0
47,17,13,55.56113156892237,7,13,37.01925451407354
47,4,1,41.709200455058955,12,4,23.757046972187602
34,47,8,45.29552904949696,1,11,65.04964164755803
65,25,24,39.1115746000526,18,10,31.342153946179707
64,30,22,48.16921086662328,9,11,42.88328926029581
40,9,4,30.42244215892968,3,4,90.00673418945706
32,21,3,57.602504776348894,11,3,67.73552078658226
54,20,3,47.631800979427524,17,7,31.708261039231488
38,19,22,48.17440644050027,6,5,71.50096826045532
31,19,13,31.59086425982217,19,5,40.643368895779936
19,12,8,52.86400645158953,3,0,71.4509994915195
28,37,7,31.935425352809382,6,5,46.753360466018876
68,42,1,34.61773710136821,9,2,35.799450296304165
56,17,16,46.31432885162627,14,12,33.93062920009271
55,37,6,82.60997849423478,11,5,60.75256123191118
51,54,7,47.57199200032214,0,9,73.2604253262648
55,48,12,15.0,19,12,62.44800885878871
67,39,23,35.362479249588745,17,10,46.34718660140827
51,28,9,55.255936683308605,15,12,19.053124635935553
35,41,11,28.07308582523814,4,5,42.212984050424076
47,35,10,57.4665366171849,18,1,29.959332435193197
32,47,21,47.382308621475445,3,0,82.37138686510336
44,48,1,59.86990788886164,5,10,47.03032285077813
68,18,18,36.61718836123504,16,14,61.007602197186955
51,14,4,35.44824127600926,6,2,48.126872411811746
69,35,5,53.474777374267674,6,4,63.59370994315602
55,44,9,44.88707437541761,8,14,69.36348045876731
50,41,17,43.97965782320588,12,14,100.0
41,7,3,68.53454803423594,19,3,45.88149026763345
32,41,16,54.06211390592678,13,6,75.86211269418403
47,13,5,15.151155499564084,15,3,60.558340905892905
59,18,16,56.98602183774581,8,7,43.437526737908044
68,37,3,55.48453200622683,14,6,44.8651196253595
34,13,20,62.77366930835149,4,9,64.41804859979047
22,36,15,30.904523706397363,17,8,49.06795534093456
46,31,3,49.872087378151846,19,0,57.098707472267925
21,2,20,46.67445031864772,7,14,68.29291178793767
27,16,14,30.635522287803703,14,4,100.0
34,9,16,59.20149851859871,8,12,55.64968863371783
27,9,17,41.376810010359264,18,3,32.4365313582998
34,38,24,62.290985868785015,5,5,62.95978604928519
37,11,20,33.85711822398786,3,0,45.319413261817225
41,54,23,23.09121793800907,10,5,92.87216068857381
22,56,18,41.36150726953283,9,0,45.05774085655155
51,22,18,48.47869773843671,2,13,55.36794134279199
23,33,22,36.98706109171632,0,13,67.45827819398384
19,36,14,15.0,11,0,64.82601484287984
30,45,18,50.75473717378155,14,7,82.80385020444805
60,23,15,50.68471035783038,14,1,68.34967218864503
60,45,15,55.30750917811449,13,9,100.0
65,45,6,39.29261346673834,6,12,63.989849994228564
28,34,15,38.47422401427139,16,13,80.98207128108865
68,9,18,66.60482659202236,18,5,45.614980580814276
64,24,4,21.36892971267426,6,13,94.4964718576847
40,8,23,41.293233094985396,2,5,48.0460789480086
33,7,8,47.134527691977084,2,5,84.72066742665675
48,36,15,54.090327450213614,17,7,72.83837465828692
28,18,3,47.54650773606478,19,3,56.333389171413714
33,3,15,31.170110423076615,13,2,84.91342352804435
25,28,13,62.514209220312814,2,5,54.76023214438514
21,6,9,45.02861118415361,6,3,82.36771596830587
57,44,2,19.979959402629536,6,1,62.5609871824956
21,44,24,48.13764976160091,4,5,47.45567073946026
42,21,8,52.12915306832196,2,9,61.40536009860425
20,28,20,74.41115930097172,17,4,55.68207259774475
49,40,17,51.13127023305438,14,10,46.14966767695519
20,54,13,22.76961641977317,19,8,59.65971640222068
44,54,1,23.29648063787465,13,10,63.0737341034855
46,1,2,63.88064187297401,3,5,10.0
49,36,15,32.95795479976291,7,13,65.02727170871117
67,21,12,21.756284037822603,12,2,69.82209593383489
68,43,14,60.00766301637648,7,10,84.03291484793799
36,35,2,37.86396281677994,14,4,30.279987547582184
38,13,18,59.205209462394116,16,14,34.64992068225902
22,57,22,31.279207420058828,4,9,59.185463286016855
35,49,7,67.1071850049882,19,7,40.741481028348375
45,54,23,58.080955603999136,3,8,31.20482510391769
59,54,6,34.1597195009798,10,7,46.73188729243161
39,10,14,20.094142996580384,17,14,47.8035979259424
38,53,8,79.57745788131211,9,2,34.687007504108934
23,44,22,41.84688447010281,16,8,34.553590636392286
18,47,2,33.559025293864245,14,2,52.57362426381004
22,53,17,65.79462403244248,5,7,26.02744815020798
58,10,5,59.18639780118661,15,9,25.705642419650168
29,46,14,62.741948149688696,14,8,56.43017703290908
43,13,24,43.52237583723403,7,6,85.11286347175957
63,37,20,73.21582035485437,8,3,69.6608266975783
51,38,21,25.340727291729575,10,9,79.45237281050964
66,24,21,36.71925717663718,1,14,18.89879469729837
31,2,22,50.848181335723254,12,8,26.827984700144725
43,22,3,62.5216701635567,3,2,55.213003666794464
62,17,5,54.91738530787244,8,14,71.72444071245768
44,36,16,43.75701396229813,4,2,67.76087744993394
26,14,18,37.87278199140781,18,1,28.11669728838917
43,10,17,62.60266287539032,2,9,77.71414049952918
64,35,11,56.465940199155455,2,14,53.37302576177625
39,25,17,31.882143109634036,5,2,70.55455464725041
64,3,16,31.435959029054594,9,0,42.898448849403565
47,47,23,36.81767768340727,4,14,24.125246253597446
60,38,2,34.89357201570938,2,3,71.91690309453055
65,17,4,60.447613688197016,6,7,64.39293771600649
34,12,21,51.53598483327026,17,4,30.08751300827378
43,54,7,53.36680860604647,7,1,41.63654565616891
53,52,2,47.87504455195164,0,2,68.72174252228393
18,24,6,48.58156073006032,3,0,59.12071216212816
25,29,17,21.27273876989533,6,1,65.03384342620292
66,43,7,56.91275486527153,13,0,44.512932215851926
52,25,5,36.54777779112836,12,1,83.46253830203159
69,36,5,44.502670004250106,9,2,52.77699099671236
32,58,20,37.902406167969986,17,0,10.0
64,26,16,47.18807347727513,0,10,57.138778797768396
39,38,19,53.59640890865994,3,8,67.09885454339083
31,1,9,29.867174512150065,15,9,60.941534130031556
43,20,5,48.791238363660035,15,4,46.46727790893089
45,55,8,38.26496131869215,17,7,15.925626568778675
40,28,9,64.82188163814006,7,4,42.000543959720986
31,16,5,28.28061895530558,9,7,43.88897723230115
41,47,10,29.96225595653919,15,6,41.81617998610776
19,17,2,39.606446729447846,10,11,67.23927308815189
62,40,9,31.11534427479242,5,3,48.33153913198368
43,28,11,41.634284805196316,0,14,82.63350211138189
31,58,4,37.0817174082643,11,6,50.48880510611153
68,12,22,46.32618566552719,5,5,79.31768376267192
24,27,22,60.121080417362315,12,2,59.28929998867474
20,54,22,46.069194085264115,16,8,60.27623790659804
64,53,2,47.43531841224716,0,11,41.3427021566845
40,42,23,29.1401609578185,7,9,27.987324830819837
63,59,6,42.989106692773056,7,14,53.53346491579853
60,47,14,38.67368292585904,10,12,88.73693370504328
64,30,1,55.22461445460728,13,8,45.82605837182638
62,41,18,33.53149525195954,9,13,42.65259195265091
35,34,7,32.0901661123315,14,4,51.56160340885844
55,37,1,49.76143795721023,6,7,90.36375888085621
52,6,1,74.70154581559409,6,6,70.73873931455167
68,7,1,42.36077064038005,9,8,79.28525852415656
32,32,24,47.52312609345748,3,6,15.393216104957517
42,32,4,59.22032772532178,17,3,38.50738901622204
54,53,4,52.64855847922908,9,3,39.201316454363926
45,25,18,52.74719220573296,18,10,77.72175039472502
27,33,11,43.57211322122993,13,7,68.19760055333325
56,55,1,43.863972258326086,12,5,76.11781745218778
34,58,10,33.672771934102066,14,8,17.48824001384746
56,7,9,52.295598814520744,15,13,77.20676008325663
39,52,23,51.95331644997964,1,9,68.18652779274757
43,57,4,55.75746791540704,3,13,36.518123059316295
61,12,6,37.67843294169982,17,6,51.06149547041638
42,16,16,57.45201599067909,16,6,37.12827644575668
34,16,2,62.000021822219054,9,3,53.06782570780248
30,43,23,26.790628225856093,8,2,63.98710983922709
37,53,18,40.54691130963891,14,7,83.08439136301772
42,36,10,62.62535372941257,11,6,36.21161293262073
21,13,24,35.25666450220672,8,3,45.61567503595482
27,7,24,52.9314379077501,13,12,32.94141557438519
20,36,17,45.12864003003647,12,3,70.3312680262692
58,47,13,49.96318982135263,5,0,23.488369845112015
62,51,24,45.58584454038317,18,10,58.540277248221095
35,9,18,56.192564768464074,3,6,30.484240208966213
64,32,22,29.677242962041827,19,0,55.91623869802538
53,11,13,31.3001513381657,16,9,78.11823451888463
64,8,17,66.96770325400286,18,9,44.77474471750625
39,33,5,76.50544919977978,2,3,59.41740081598778
51,23,11,44.91870842060457,13,10,37.13667578673691
64,25,7,70.72899063227564,16,13,52.75138359130643
25,56,10,33.423380294797155,12,2,23.842008136611735
57,8,17,37.02621174771064,8,10,69.15431813594186
66,45,15,66.86231267618058,0,2,46.690718988394806
61,22,18,57.06159792935038,16,11,50.82341903106656
36,59,23,69.09640646898387,15,0,56.3840800647061
59,4,22,52.028336535885074,17,3,15.66511509231924
58,40,19,29.81180885228587,1,13,41.15535066448828
54,3,2,48.35366036254015,13,0,57.70481482506675
23,29,4,63.03003807702015,16,13,51.80160539728912
69,41,3,43.00897196030742,2,12,98.54690971586595
43,29,7,40.703497222414214,1,12,80.17435242108151
51,34,24,52.257801044461836,7,7,57.79190049549986
62,34,18,36.607406016822075,1,14,34.55001736544453
23,28,10,49.43250724670251,1,14,45.10131168963447
54,13,7,45.95252197007185,8,0,68.16269785382636
50,15,8,37.643783088773695,19,11,56.53242270035001
39,23,6,59.71105847801121,5,13,80.52208363971778
38,44,22,54.68981908426161,11,5,56.374068054480354
23,26,1,39.69494123570061,8,6,57.316682819092094
23,4,4,44.775581025898894,6,14,87.48424326824866
65,26,14,40.93086600228244,11,9,33.06871870533941
21,40,17,35.420285411355714,4,13,89.67715086836594
47,9,20,19.525954913894463,15,11,70.39265626094281
28,55,18,37.742583834658916,4,1,100.0
47,5,11,35.63958752526566,11,3,40.971352586591635
48,56,21,46.72336061753038,19,10,87.58807540220471
41,32,14,51.610482022923684,8,13,57.67743751331586
26,20,9,32.96722995295673,6,2,51.28831598795028
20,50,15,50.60246042590508,18,12,61.09804473602236
68,11,12,30.656313256999876,19,12,57.5042949222411
48,15,10,43.12061226542317,10,8,39.42168097419946
57,32,19,35.9637134900875,11,13,52.36724265695761
54,28,24,56.192604571185655,2,6,61.14213369345086
53,22,19,46.751596499918975,16,1,46.496887688365476
41,41,6,43.34748111252331,6,10,65.80882974605056
48,17,20,35.62125359827672,9,11,49.08315170270252
23,59,24,40.06738037435191,14,5,64.16690597007629
19,26,6,72.43591218489077,1,8,61.75432264461669
37,44,8,37.48373818916181,12,11,64.02664731423008
45,7,1,52.191103763947254,3,2,28.02572315583594
28,42,22,43.31030524668467,17,13,76.94165617443886
21,57,17,51.76237971861057,0,14,37.679228103740215
32,26,17,57.55463809039858,1,10,51.282932097196095
23,25,24,39.69032260018385,1,5,42.083191592559
66,10,15,55.64660139667684,3,13,56.42696940022241
47,59,7,86.34959215508758,2,2,52.77753252986022
55,45,19,53.513099912875575,16,2,68.02386213094361
68,19,22,69.20372196899694,13,3,55.87766074021886
19,11,23,52.215690001599214,1,8,47.166296436786745
32,13,3,31.020575667037406,15,10,19.051836002265063
28,53,22,49.13540995879475,10,12,72.68646931599295
25,8,11,40.04424305685104,12,7,65.35072354391458
43,40,20,36.060889540236396,0,0,73.50248370243588
68,4,19,43.91122184396571,1,12,51.29212906630611
62,47,9,42.678748819068716,1,11,62.138658444264124
61,31,10,29.101126413107085,4,10,41.9321584413969
22,28,2,85.62692377079688,3,0,40.10393403029478
23,11,1,57.118063717082954,11,6,49.32796778942372
43,43,16,48.665853687631724,2,2,73.43613844438259
21,1,18,46.348201668764595,19,13,49.504518523454244
36,49,23,63.035229294328445,9,10,53.91828147385038
37,47,17,76.1335554346424,19,6,59.84889643759662
50,52,6,55.27628058018862,17,8,55.50685396380782
37,38,14,46.81789057176481,9,2,75.28674473246642
66,24,23,67.08966107966425,0,2,40.03863495824524
29,54,15,47.13538864403792,5,1,56.994856682903475
64,57,14,51.52972214437652,10,9,64.48455547134638
18,47,24,60.015163800477566,1,0,22.15441198448014
43,31,22,39.2028129318861,6,8,60.32098872744664
31,41,3,15.0,19,5,81.8404850902493
55,46,24,38.47379662004972,17,5,47.99018382682939
54,50,23,56.59501394069079,18,7,33.29916678328838
28,26,19,55.53826346577268,3,10,64.34066595096927
53,49,12,65.14005164118902,12,4,58.58974553407031
30,50,2,39.047534491957315,17,8,85.44893450526808
60,5,3,68.71387864420146,19,14,63.75335906597529
20,20,18,47.776017456779414,12,10,36.12905807034101
50,52,1,54.066197438455205,18,4,35.22503593342029
23,41,20,58.554191374414586,16,1,72.19638179308997
67,11,21,24.27501559659454,0,5,62.13823650716644
27,56,6,29.926542110596127,5,14,53.83561128906686
22,54,5,29.428642243991312,18,8,58.44776408941115
40,33,1,61.08325777273229,19,2,63.83871775961746
27,50,19,40.418150823911574,0,9,62.45639851688353
61,38,1,75.41372959987078,7,3,24.89045714553714
19,27,21,45.05063962338389,16,9,79.33394030341563
30,34,21,22.92939227877748,14,10,80.67221465970584
57,15,16,34.91373733942224,17,7,91.20256812270588
19,32,12,46.760645448289914,6,5,86.85211111088833
37,58,22,52.72784796290219,15,12,83.4509153472836
18,21,8,30.227434078764396,6,6,49.2702771710872
54,46,16,53.527211577094064,16,6,61.027389549740604
26,5,1,57.53314135568935,3,3,78.33997583272738
34,6,4,35.385786006670045,11,14,18.984955291796155
26,38,10,74.53735818088721,12,11,50.62642336054628
28,22,11,37.01011464974165,3,5,20.892581058145105
32,18,17,30.00182888676685,0,11,60.605632680762255
41,14,23,22.06166227910189,0,8,80.31615879684762
55,10,7,63.309610480382446,6,2,55.37596629118958
52,46,12,45.34324316018854,8,7,43.61553580731399
47,13,21,37.810710158034155,0,6,60.66330026800357
48,31,7,22.88792346852259,15,3,63.24922330365286
66,30,12,39.16123614649555,17,9,64.658936588904
22,3,15,80.72168081514167,14,12,30.70120993793822
61,30,2,15.0,5,2,59.86970787751823
67,6,14,35.52512398451175,1,13,58.68336213287492
31,29,13,71.89175955063315,8,6,73.96590002101266
28,8,4,63.73459570604284,3,9,53.48782932750266
26,44,14,36.440614975780775,12,8,94.4844820968993
51,45,14,48.053926454029586,10,11,56.646704986621025
29,43,16,51.94406107041614,12,9,45.43840193260169
52,44,7,47.00757872710901,10,2,34.937696212542676
52,33,19,71.76675314413764,18,14,44.72286398282843
18,17,2,50.0963130818693,7,9,39.020284815771554
57,48,10,62.03274436444556,6,8,51.87958075800681
39,11,18,47.72398153643423,15,12,88.73452973639891
46,13,17,15.0,2,7,25.813821876493254
25,50,5,27.113808699652747,16,11,27.21832487640554
28,11,12,30.22683226040963,17,2,50.3072898187607
58,31,6,41.26071214085991,14,14,27.7415489929501
54,28,22,76.17621358521586,16,7,35.3612698757834
31,44,9,50.43617194313177,10,11,61.78319771221008
47,6,20,43.41317846902852,4,3,53.94792415575324
52,41,1,63.57836994233472,15,5,63.77019231118997
38,16,22,23.221744867473774,14,11,66.82116040523258
54,4,15,37.65457244777642,9,9,81.8518785435169
22,35,21,35.44007019089939,13,1,62.58066744224291
36,48,6,50.97062339202207,1,7,79.09961965079586
31,56,19,58.43754438530951,15,12,57.14149006597578
43,59,18,52.07228328040844,18,8,62.80860123893477
21,26,6,52.30974724828368,7,6,62.55041159607399
42,57,13,39.58336321173081,14,7,60.69116002044688
62,12,1,49.811397871742095,9,6,59.11350957882884
59,11,23,32.40243193829415,4,10,91.41967537817322
42,37,23,55.11208402511699,19,9,68.96192424992017
35,25,13,37.49095493005019,15,3,46.05225153551971
57,18,7,28.17735659549439,11,0,100.0
25,19,15,45.567291537481275,12,2,47.45893855399643
56,23,12,16.30325753482968,8,6,54.89542722449514
57,55,1,67.1155510799401,16,10,38.38738513609292
31,38,15,56.956484953675485,19,10,69.34225063256136
49,54,4,50.05454775371704,11,6,88.80471072358623
68,18,13,20.644728819078747,4,10,25.176691695020846
55,26,23,34.49714725389878,11,12,49.45258161105417
50,6,5,45.60837652307778,0,2,77.33227338355846
40,4,2,41.053428434621885,19,0,33.81365371802974
32,44,23,19.67152551828791,15,9,66.48764510964023
50,51,1,25.25356491695788,11,8,28.971186485132776
42,29,16,40.753584046296325,8,11,63.158616348519836
34,59,23,25.750659021242512,12,5,56.55635108166566
50,34,6,65.57080985824892,16,12,100.0
64,17,23,52.418075391087484,16,12,69.88936346007516
19,43,16,32.94803836141453,3,11,11.551527217943544
31,43,14,62.5373224202357,13,6,53.5050759650249
57,53,3,59.51559883010534,18,0,71.48592155371168
57,16,15,49.33437534580379,6,0,46.736847855232476
68,2,3,44.40620649804069,2,3,45.86858840178523
56,34,23,40.522892876552405,0,6,46.845107753974794
68,55,2,36.90091938327515,11,13,65.94318706331649
23,8,1,24.948121211882196,14,10,29.894600474605856
23,13,9,67.92493132646999,10,14,43.769486803366334
20,42,9,37.19230171843175,9,10,75.6596029556139
24,8,23,45.42300914568499,1,7,45.25880960538194
68,30,7,31.346282155490716,3,9,44.061880838140944
25,32,3,41.10824225086005,16,8,27.4728675099586
59,36,18,87.76166135804613,16,0,67.91827844082076
69,47,11,34.11003144382159,7,3,63.508788145299484
32,30,7,66.72893661812327,13,3,74.4472884113461
64,1,9,44.582917242691515,3,2,52.74133353676176
46,43,1,55.19907695241969,5,6,61.31564207359186
50,39,14,63.66870383094378,18,0,61.14738993834031
69,17,20,49.08401076608996,3,8,26.500237764367476
47,59,6,39.72439265429565,2,12,100.0
56,20,7,42.20863532576341,19,7,74.56116940757583
44,24,10,42.71357277530493,5,1,56.579997455046396
53,50,7,72.96555835373118,6,1,50.51568898789632
46,22,2,22.73811334259414,13,7,81.47908597773227
55,29,4,18.439095633108106,11,10,56.91847431598584
50,22,21,19.43920624203349,15,13,73.27244783684141
54,44,17,31.591028496413657,19,14,43.439551841154326
44,9,1,55.50124615797543,7,0,37.491014031035895
50,37,10,56.421289386062966,1,12,51.76527504554742
21,10,19,35.88746037889939,12,6,55.211550616444974
39,36,15,44.572627085102404,7,8,63.4704327949359
19,37,10,28.255520473682477,19,11,84.33798138569595
27,28,19,29.64671568890448,15,14,77.24063704179873
22,28,12,53.69800258517318,3,2,81.36013526924188
27,42,24,60.71526091662596,15,6,40.34781133443741
50,43,16,37.84771763354786,19,5,49.10140979662391
55,21,9,69.52522681246205,5,14,74.35991143336848
30,24,15,59.484080231791644,3,6,79.29894938666078
48,42,17,68.87588778383326,15,6,69.83704053133171
64,40,14,40.48592896357623,12,9,43.74569292856655
53,2,18,67.81029368448968,4,0,34.16764199745004
62,55,2,77.69313959963662,14,13,59.65955289713921
41,8,4,38.81223699965971,7,2,37.16550399444482
69,48,18,42.687464424478705,6,9,64.21282203897974
32,27,7,30.784222463904015,13,0,80.01370480157036
46,22,13,27.836773557587584,6,4,58.78177847421987
25,37,15,28.01172988100558,6,2,28.883415476566896
22,27,23,32.82800802319061,17,0,44.81408321198839
46,57,22,49.12106968478357,9,1,72.29366538993023
64,29,1,33.462006908679726,17,9,64.47842849033574
21,3,11,48.66243831880302,13,4,66.07784800505797
29,44,10,48.97267726792428,9,10,90.37925717251488
62,13,5,37.94813409188432,6,2,61.98138396852135
19,45,16,44.06044343146042,6,5,61.35047524498512
44,10,11,37.0813141097053,6,8,72.13350796269172
48,36,21,40.33890340085322,4,5,31.536761919863487
68,9,6,32.86705538303678,0,1,46.09779518834513
68,54,9,46.261570346742246,13,1,40.23027721638011
53,56,13,35.99181201810251,17,14,68.09828089300488
53,55,24,27.509011860933068,12,12,36.61795340980594
43,27,8,53.90143333272806,7,12,66.26895817580156
60,34,14,54.40936801928195,7,7,50.66460637888459
44,51,24,61.67547803466161,9,10,47.876881790935535
22,1,1,29.634039380937324,16,7,73.23654407457033
37,32,17,37.786090399335194,5,5,28.356700356095892
28,25,24,48.45743107634584,14,9,45.22632307303575
27,29,5,37.469401847816094,14,6,100.0
57,7,2,53.56367975711733,15,0,92.0083702830905
55,49,24,52.46899331225904,7,14,18.71170093901435
23,3,9,52.18943034286599,18,11,44.84886544759279
25,20,4,66.89500849956397,19,8,56.256306807112665
40,20,17,54.66115611687674,14,4,26.77586168432423
64,53,17,47.308366672221396,2,8,95.36062053648463
43,30,21,42.096967701051945,5,1,55.59162445388687
63,35,18,43.14203837734776,7,13,51.2815670776194
60,35,16,29.0368476923989,15,7,62.621304794047035
29,49,8,18.51434719574968,14,6,62.302606246479215
43,39,11,51.95634191596596,12,10,37.91290985874876
30,27,21,63.35449406344598,19,13,81.30569490177577
57,26,21,40.048276150458946,14,3,58.240718783532024
35,14,18,68.80641238548895,17,2,81.17493117932284
42,17,23,42.35231350377794,12,3,43.48723263595486
50,18,24,15.693420283304864,7,3,19.0814060339191
64,45,10,58.77373880594404,13,9,83.74581819723724
57,52,13,37.81067644142782,10,9,69.80792933297245
60,29,17,60.13168016280021,5,7,78.36432270074599
29,20,18,25.8370877410254,0,12,79.59464221029091
61,53,10,51.18066243221475,1,12,55.385696221377664
53,27,16,32.99308374683531,12,3,47.66136295117055
65,18,20,48.021072998435336,0,13,53.16643963364826
21,4,5,56.49910041863034,3,4,66.02853141467381
22,1,13,53.016015019408286,1,1,60.540769096590786
54,50,18,46.04051749545139,19,12,18.416381178303986
25,1,17,24.323113406816656,15,3,52.63000932986699
59,58,9,55.95516270827648,2,6,83.27793866466358
66,26,14,60.471456569934,16,2,54.97375048724191
45,45,17,29.355044637651865,4,13,99.49081186418735
48,20,4,31.559561785410004,7,13,35.7792470254091
26,52,18,61.103360370493675,11,0,61.970627391252215
68,23,20,41.87337656146101,11,12,35.29317374871938
46,10,24,31.948299938916275,0,7,37.88848890975932
31,59,24,49.088316202789095,0,7,38.07445882248645
57,11,15,35.42213418068373,14,5,99.19359949524103
58,41,11,47.41563197108972,16,6,49.95711819215016
39,41,12,38.80189993730478,1,14,40.947232638808444
28,5,9,40.087337698791835,16,9,54.94583748449683
40,58,13,61.65596075786178,19,10,50.551712242840246
18,1,15,15.0,8,1,71.2290266536175
63,17,15,53.32126131652866,11,4,14.21459936849029
54,22,5,59.18176167399741,3,11,35.907717684672996
38,34,23,35.67008788233517,12,6,71.9301098794788
43,56,19,59.06648031544726,3,14,45.22742786737073
63,45,20,30.61464049738764,6,8,39.90097553240464
53,41,14,35.10024681504559,13,0,39.00597195386001
40,29,17,33.372494346134474,8,14,69.4728964681589
18,4,18,59.26938245403877,0,2,68.59930326174754
68,5,21,18.825784699982503,0,5,74.15240190787333
57,11,3,69.60220839038362,19,13,31.746040511783168
32,56,2,40.42592150829166,3,6,30.56356482919325
38,51,1,54.22368231236033,0,5,77.74699535895172
64,21,10,52.93061882045596,9,0,59.10247951719642
26,35,19,47.268476823097785,1,3,42.881086564035634
26,12,17,35.98970907783661,14,5,51.85682011347724
27,26,12,63.63558844391781,2,7,30.31334982046481
69,51,1,37.277231014183435,8,9,44.407912247453645
43,19,12,34.031270134186435,16,14,58.18429412183847
58,45,17,58.165654252852995,12,13,62.08943838062495
52,7,24,47.18624429305305,2,3,53.25138141027044
69,47,3,65.36732362674302,3,6,51.20589921509712
42,55,11,44.059993628167504,3,10,69.66513854249827
43,7,17,35.2368694095638,10,2,52.97247361850807
28,26,23,49.12115209535848,6,7,46.05769462469039
55,40,3,38.285742658688946,10,0,39.75405966400589
19,5,8,35.67116233041442,10,3,19.648109830341753
24,21,20,57.47832290483811,9,7,67.99837748152085
35,14,4,72.47332600912542,4,9,84.27169818093894
44,4,21,41.30307312122264,12,3,38.469790080647
51,23,22,30.37888220571104,11,1,29.5989269752312
44,42,7,42.69815475150272,9,1,42.54550661040945
34,20,14,52.72201844843885,6,3,60.81068226700165
60,15,14,48.862192927162056,18,14,44.89400138850311
61,50,4,62.91347541707568,18,12,44.546166153160186
68,52,16,54.9763475741355,18,3,53.34153359867531
41,45,24,28.448857978351366,11,14,57.01617661598539
42,29,22,37.60022474038837,19,1,62.365043250785554
24,8,1,24.287488200370117,14,6,49.09694297939434
69,41,17,62.17019018445282,4,14,48.74087586945402
23,48,10,15.121691020928989,13,5,16.560280824252303
41,19,22,25.750015040665314,11,10,73.7137124464678
50,48,16,37.322963009922404,10,2,60.047387146193685
66,39,16,53.45876104657225,4,7,85.2212758856526
46,46,8,37.17519879441523,15,7,65.22221478144193
60,28,7,39.52155879428262,17,0,53.52806799884405
39,46,6,39.8170819009095,11,2,25.279709532660423
43,57,16,47.59173933537369,4,4,22.324737152536514
45,27,20,26.692326970949974,15,1,75.96696450460172
67,4,16,30.792344279279295,11,11,66.23096927072467
38,58,7,70.21385548193837,1,11,84.30799871477348
66,15,9,51.035986457955175,5,4,73.6249667897439
24,35,14,56.411732577792684,3,10,47.57738551758178
34,37,11,45.87042797182825,12,9,10.0
37,1,14,42.8957962763589,9,2,67.09040434504708
58,3,7,51.856964191429206,16,14,34.67800486561953
66,47,1,55.914205255141994,13,8,51.313959264478235
37,24,13,57.69113512037578,14,10,63.242218889486864
39,27,20,43.1016066027099,7,0,42.38709042637575
45,40,3,59.33064834417482,17,3,38.49666307553083
57,36,20,15.0,2,9,48.85645467336348
66,34,4,58.38430514587682,16,5,14.07638458723683
24,29,11,38.59641064884297,6,14,34.326210565795634
18,24,2,53.300736694525455,12,8,34.0371731561911
49,24,14,35.26008411456205,15,2,50.283040258225356
30,42,12,25.099582048833337,4,14,36.056847474288595
47,4,17,50.09556046975001,3,2,44.68357802650985
40,3,12,22.47704215018201,9,14,46.10070766348221
68,34,12,39.004838576659395,12,11,97.55371320247643
36,57,1,32.81355463343771,9,4,70.39142496900881
49,49,13,42.37451192559785,13,6,52.59234939086635
47,23,14,56.958136793959085,11,13,63.98156343542263
46,53,24,37.65232071818264,0,4,73.41432076245351
66,56,2,49.718663211189174,19,10,60.75538899129872
62,52,12,56.09019057340632,19,7,34.32221597953757
46,23,21,35.89117423809319,6,4,52.25980890765383
47,45,16,36.10869706921346,8,6,35.48215314703721
33,5,4,65.53993353300316,7,5,48.41841653295892
57,31,8,43.80917040333139,12,13,51.82268617184032
36,53,2,52.63708189697812,13,9,76.05159274211195
35,41,10,52.52341638538836,11,12,39.11759658173997
18,57,9,27.03018590883033,7,1,37.515356616489754
31,57,23,33.586861857420075,17,2,40.66132403495713
68,54,15,50.630210453100304,15,10,42.819878483744375
64,6,13,15.0,10,10,48.636627138775246
67,37,23,41.83053574442363,15,3,61.5864666536746
19,57,17,32.020741914108264,13,4,39.29783868713939
45,10,16,61.6575921296498,2,8,57.29784419998316
66,40,2,50.19173179732424,1,5,57.54503629737873
67,7,20,62.868694460860155,2,0,66.07351643477001
47,39,20,44.41313049669971,3,2,50.784506994098
55,38,14,43.29166210849466,4,6,71.64169249901194
68,21,3,40.42605721380652,9,7,62.38062412272757
21,20,23,37.453959006673614,19,6,61.48359856764288
18,3,12,85.26984508583978,1,4,43.98624120395263
25,51,8,57.10754273689834,11,14,60.49126797319502
46,22,2,29.00717181094826,4,9,62.04575764943311
56,47,4,84.58963303743269,4,7,43.04821172188743
20,4,14,38.92530097496591,0,8,78.88564926723717
49,28,16,49.817280002652836,3,6,100.0
27,12,19,59.09396057807798,11,10,41.857382169138276
27,38,2,21.930691093912486,11,8,45.59628981300732
36,51,12,32.59009797526352,15,0,46.09949925488123
63,36,14,69.72247236856035,16,13,28.8087481531535
51,47,6,41.627570049954066,9,8,37.47418888533076
50,41,13,59.98005175141308,16,2,72.14455953304343
40,5,4,38.19797339030482,16,5,53.35972920158245
45,13,22,43.57410591769737,17,7,93.38032672360504
49,23,18,71.7788529911475,1,2,49.22991913155979
67,58,12,51.562683634470346,3,3,63.327016528158495
24,50,20,39.82728349603502,18,6,36.91412320130644
46,30,22,34.74954808795728,10,11,52.796374054874356
25,37,21,36.12186911380195,16,6,56.756422297075815
18,25,19,63.62340046105636,11,3,12.918312459795366
20,48,8,56.482474629583805,1,8,38.500749963810605
41,27,7,27.76985051889613,5,12,67.71860877369832
40,51,16,46.307678353060545,8,2,66.6533486644121
25,14,19,43.99775292290992,4,11,30.032492508522203
64,57,6,49.74139154352441,19,7,47.780763465446846
54,48,20,35.94643321287945,8,7,10.0
20,59,21,61.46708417474136,7,12,54.93125880872466
68,47,11,44.97991084070962,19,3,80.20599775439169
50,54,5,50.60154776378114,7,6,81.07243873064493
45,36,16,33.22964663828526,5,3,80.36137586247617
64,39,7,33.985302934941565,2,12,65.53936062876316
25,16,5,84.8626666390035,4,11,78.1640915495417
51,56,11,72.00119928640025,8,0,51.214744933073554
52,22,15,43.95478255675632,6,0,44.56258668152018
49,21,3,67.9950592609041,3,13,77.8123043839663
41,54,5,63.19106271393645,6,0,60.769191240923966
31,21,23,35.62183456426291,4,1,19.095248511934166
49,8,21,34.12600197896798,10,5,79.3315579223565
63,49,5,55.030149380269755,14,11,50.60299293691206
60,16,9,48.90090957169233,1,9,41.65748599993272
33,59,15,38.9699307549192,12,10,74.57809104923646
21,55,3,55.81839815623106,15,4,71.88130452644036
69,31,6,23.3627561161058,6,10,35.86238920708539
54,42,17,46.72502291778686,7,1,51.85824419321036
38,10,21,26.416145196558663,5,7,36.83141874501523
31,32,8,26.910129847124058,6,8,37.36110553486674
48,59,21,34.3985281552139,17,6,10.0
65,34,11,50.44930914515983,19,11,34.720160844180576
35,9,6,34.87144486673054,6,13,51.57705421130262
24,17,8,26.728370880744272,2,14,10.0
27,11,10,52.1587380401542,4,14,27.562950983476178
24,32,24,67.39120566661555,0,11,67.14103502151671
50,10,3,54.58275651303018,14,8,26.753937115063735
40,22,23,72.0269808689047,2,3,51.855345553851514
38,57,14,66.13767590403882,7,12,21.932701952097474
36,17,23,37.688576812350966,8,6,63.18875108643277
65,4,14,54.482397290461655,14,4,48.48492001876537
36,48,10,43.62553809667265,9,4,36.6465168478104
53,52,12,60.93149671797089,1,2,10.0
46,47,6,43.62282664104644,19,8,37.122688893350386
35,25,12,33.169552361861,4,12,68.29483358472484
19,59,23,65.60108913525382,18,9,86.0011810724291
18,21,14,49.76693326085054,12,4,50.614847981387065
64,37,2,35.047054930361526,10,5,52.99836164217533
22,38,9,37.51910549889265,0,2,41.4507282038289
37,49,10,34.95119033342274,14,9,79.58566722731857
28,1,17,29.973788509354257,17,6,50.18681957140423
59,25,17,37.83726986634674,15,8,72.87457428485072
19,51,3,50.5953182059681,8,8,59.964180388469515
20,36,19,45.9609100527927,0,13,57.458105885252465
40,17,1,38.426745954267616,10,14,34.59487945607494
29,41,12,67.43261203195836,8,12,90.6518926862917
37,24,7,15.0,10,9,84.31867371869515
22,2,4,49.59203872733566,12,13,100.0
54,40,10,42.858611177736094,1,9,33.01220096723766
55,15,13,30.447281553052797,13,4,60.280610012070966
47,32,2,50.466815186815765,5,6,39.13371918166051
26,39,10,41.703776814582675,7,12,63.873232391468726
51,59,21,63.70610199320841,17,11,60.84446457051966
61,6,22,58.020978636171996,15,11,46.72027105750159
52,1,4,73.59196104560979,11,12,50.42760412982405
69,47,18,37.75023104229011,10,2,96.81536320183841
39,23,5,65.94831734621273,5,5,52.293755431433894
61,58,19,27.512178479768682,2,11,10.94846685880428
41,39,2,43.340452510866314,13,7,44.276978482697594
34,57,12,38.021294210485934,1,12,33.09461855846972
27,17,17,54.03668119364113,10,7,36.60465680197296
47,34,10,53.67413697365328,2,1,69.18695218697631
63,59,2,31.49070610158043,17,5,72.81825452140791
40,41,6,54.87288260976625,0,6,38.13904770000322
49,29,8,39.29266375734162,0,11,43.986305415685614
34,9,19,32.74803960072459,11,6,41.03682299657227
67,13,11,44.82327956786509,14,2,85.36208460790274
68,6,12,22.84733757956223,4,13,73.41597705511904
34,6,9,58.96959524983158,5,13,68.53881467300492
31,20,2,44.165687843374194,15,8,34.358853732252285
26,52,8,44.493815673029395,11,1,20.814813386053622
57,53,11,43.6925005937024,11,10,79.60954570036591
19,3,21,69.70275130037676,2,2,93.37833483192101
62,17,4,67.78316533244731,1,14,19.86860809330969
42,49,10,65.2614164009878,6,10,99.82973570246062
56,12,21,43.724375336117426,1,1,52.87975693613125
26,48,20,28.26562631265094,6,10,58.36348858013056
39,47,16,44.76030835674129,10,8,28.642281113808124
60,45,8,49.71600631090773,10,3,19.504826987019513
63,55,4,57.18915455839917,13,1,10.0
21,1,10,49.66774111650365,2,2,75.61644744863466
43,17,12,29.602585857156207,13,12,53.345269364427274
46,3,14,36.968767944896705,10,3,64.21564815428832
62,26,16,35.607952031266166,3,14,77.662339042855
51,15,22,53.085795756087315,16,13,53.084009039753376
40,36,18,53.45396179859951,15,9,88.78933153332295
54,32,21,55.419478321213056,2,12,38.49171876715269
28,32,22,49.5155378200853,9,5,46.64774549288201
23,4,21,15.0,14,4,36.943565002487226
35,18,12,19.112104825877868,7,2,71.71012513507972
38,49,18,42.89718552990537,17,9,77.27120141760342
59,19,7,46.47116880699589,2,7,45.941550921102234
53,43,20,63.804983807294676,6,7,27.137052969035878
58,52,24,46.166927219925476,9,6,79.61222668483447
55,35,23,30.360760037105294,19,2,37.385017443417816
51,40,7,54.93247211666053,8,13,46.94398093511937
34,14,9,44.74122460703636,13,14,33.53486768565424
54,58,1,38.96917821698948,13,0,60.74917122913659
42,33,6,20.781008880448358,10,4,39.60075844990825
55,14,6,46.277805121668486,0,0,69.02814715074683
29,34,22,48.432268664691904,3,5,43.80480480554928
40,55,12,30.057805438409254,5,10,65.75689196015345
59,4,22,56.16536682309413,4,6,36.50630156089426
39,24,12,54.82195197976475,2,14,79.52525754870965
38,59,10,45.73368873589464,1,14,45.00194796404099
44,29,23,45.17584286913061,2,11,56.80136407504867
48,19,6,59.190566199963726,8,4,31.241992423318337
23,6,17,50.51295553171548,18,3,54.6783977467923
44,57,19,34.46616826577459,18,1,31.98425045383713
57,33,18,42.03527574599778,16,4,54.122101660463905
51,49,6,53.35274102904119,17,8,35.76934196941431
29,40,24,15.0,10,3,51.892957610818456
62,19,19,31.02710926815557,11,13,64.31842042594462
24,53,10,55.23206499508463,2,1,27.55323186392082
27,1,24,63.13316406324169,17,12,54.12942900047289
62,5,8,60.31573110402018,5,14,63.166191794070336
34,27,21,58.39939968371671,6,5,63.08143435298092
43,16,24,46.946157940071615,0,7,93.36764821008022
38,6,6,29.56644885468466,5,1,40.10983120728486
45,40,21,42.05064923140148,17,8,54.94382983859012
63,13,7,15.100964240712226,12,6,89.95443581807838
19,48,24,64.5098412931613,18,13,27.53487567274376
60,35,1,32.74330796288537,6,12,10.0
18,19,18,36.99981359965196,18,1,65.71143323791571
68,12,24,60.87928578960865,8,10,75.86447123208674
53,16,20,20.780595643356836,2,4,12.799544396257552
68,59,12,27.158960639618527,11,4,48.603983245038194
43,43,16,49.01957015737702,19,6,34.64126741872244
46,10,10,52.80570622601218,17,12,61.19350557203721
38,25,10,43.92448807238761,7,14,54.32304812576472
28,20,14,44.413753305961386,8,4,81.17892266192412
57,31,20,64.02566930841668,12,10,28.102892486665887
28,4,10,54.544776675909766,7,13,62.720668868955215
53,44,10,52.51754901791318,9,5,67.4322451050974
66,23,11,56.634697391906144,16,13,56.006852686940974
56,2,23,40.49114587967073,6,8,14.862119623106139
57,56,2,77.5974849621453,16,2,63.3107970262042
52,22,20,15.0,17,2,40.38689007211519
51,51,8,66.86881536178171,1,7,20.134469973431138
64,57,23,58.531612781146634,2,9,62.384054575390095
41,37,7,48.72432377326281,18,11,70.34403349736263
39,8,8,46.20043436403167,0,5,42.692006495503634
22,7,1,42.6667005429434,9,11,71.67683292458523
50,14,21,61.55165381945113,13,9,71.87762376145146
53,56,2,44.40203289000174,12,2,54.65091321068477
64,55,18,34.08172890715369,8,1,66.92677370085322
37,3,15,58.529743279825226,5,12,74.52719536769534
36,50,1,68.77149351089787,5,1,65.50092947739283
52,16,5,16.0924631538187,18,1,10.0
69,55,2,80.35637746155479,9,14,10.0
60,19,20,29.44903053705538,2,4,76.32124998671551
34,51,3,30.59552585226971,17,14,41.23164779497067
62,18,19,26.326654207610808,18,11,45.08083894328426
60,52,18,45.01273578696938,4,4,92.7998798185338
51,16,22,25.80422572547049,10,0,40.32640231398945
26,8,18,27.626099042236714,9,1,52.23071418737728
43,33,14,34.67174928624574,16,1,55.249368755727815
19,49,24,47.07683512791509,3,14,50.74086877850858
26,12,8,48.52280398451267,17,3,81.88162846843612
26,53,12,63.61795919115127,17,6,47.50793553540211
57,11,21,63.2722315979237,0,2,69.38701288660482
34,5,10,60.36916971146405,13,4,56.40521173694731
18,27,23,41.07574243401412,7,10,74.33864685808375
42,12,20,17.382273330051184,1,8,27.561014554310432
60,17,17,17.050284025440085,18,4,10.0
57,6,11,60.26594814164719,14,8,55.59497973612542
59,33,2,57.65631707561055,1,0,38.050993659986005
42,5,4,35.7494330633393,3,8,84.29759829247594
56,57,1,23.388956230538376,0,13,53.33868825633465
52,28,15,29.29273465246363,18,4,59.395486602896355
20,14,13,47.62041453299291,9,7,48.852700708564484
67,5,8,47.648414997824055,0,4,41.973188012890745
54,54,4,60.637969096904996,19,13,56.15013478823619
61,56,10,38.244683141887556,14,11,75.29450881280792
61,59,19,41.33945957247536,3,5,48.74826267736756
68,33,18,61.87981958949659,6,7,47.34348721179452
47,50,5,15.0,6,1,71.09633689918651
55,48,19,49.76179420375539,17,2,21.306733038512483
51,41,23,39.986568320520966,12,10,78.76944666039901
29,19,22,55.69139668430614,9,8,38.87292444616298
36,22,16,52.689099042920134,7,4,73.89122291023243
54,5,1,34.55535533415502,9,4,60.87690741223191
61,59,12,37.38997715281527,13,8,13.32118370136476
66,2,24,15.0,13,9,55.23745369421976
34,30,2,56.2498724739273,19,2,81.28563158174305
27,47,21,48.59660730096946,10,13,48.928956906126636
66,39,8,65.97768533177569,5,3,50.764884842980265
64,4,18,39.0089994575918,0,6,39.651796769485316
29,33,16,58.715033964720384,18,1,78.91022326943099
33,13,5,28.95110931653791,6,7,45.741661073407
41,20,22,15.0,17,4,90.83060031996607
36,54,13,43.582290894483485,2,14,78.10670093970853
25,7,19,36.49977367420462,19,0,81.63887330213475
48,15,3,29.2376786132292,10,2,56.60346777450925
38,23,8,58.47158090229925,4,14,45.2734760133847
34,14,12,63.12370010315336,18,8,64.56850144498952
40,23,2,46.58131919048791,1,4,86.03983261774484
54,19,11,42.26221395572752,3,7,90.46481223336875
33,54,12,45.940625608537836,9,0,17.85606177704277
23,29,18,35.20610634148009,1,13,100.0
25,56,13,53.43893922642604,7,6,60.04285191462214
42,20,5,21.909420207578414,0,6,70.58262443775043
35,29,22,28.90382807354711,5,7,37.094338139539296
42,24,12,33.13108273039797,10,2,35.716469901855426
29,18,2,53.12033146472294,9,0,26.223617070985412
32,10,5,40.462652144351345,12,10,89.07304365850838
43,41,7,65.40585592054609,0,14,41.23853330637321
58,57,24,57.04964634567763,1,8,53.16213622553482
62,8,12,32.98360236656481,2,0,48.97272920750923
43,26,16,54.501986855979304,8,10,34.58344627318478
64,29,23,38.876894577719725,4,5,51.020903862882285
49,10,8,52.097707425359445,9,8,56.758000207086745
27,17,9,57.7765824538946,9,13,79.97555833652275
33,2,15,61.72071902719075,11,1,33.81801327411002
24,6,5,48.03032354756875,17,3,43.32998323670501
34,58,13,69.00185529720328,0,1,66.00214786896895
40,5,5,51.61971534091908,2,3,55.907818893348484
43,28,11,47.02578239186446,4,1,56.27623457767549
38,41,10,40.462284185100955,16,11,35.57853541701047
39,5,20,35.53036469717449,7,0,70.56923986305726
24,18,13,51.29825589092559,16,10,83.27247911116945
31,26,9,46.51136455469976,8,2,81.42333119190178
32,20,21,48.91238400951585,5,7,51.12770623391514
24,41,14,52.211187413344376,16,4,10.0
26,49,18,48.84902217214572,7,3,59.67461669298899
68,27,15,75.19943110391776,6,4,57.0062059915626
65,49,10,37.08052673732793,6,5,34.637627860618466
25,12,24,51.48440016179559,14,5,38.56685477480265
67,7,7,41.58460176226888,6,4,35.08885503158802
40,59,8,15.0,7,11,60.49048459569018
46,3,3,42.09790765697333,8,10,38.55188758478846
35,10,15,30.95254416122189,14,11,58.30174918434281
48,34,16,43.99766311739379,1,5,100.0
47,25,4,44.603962180024425,6,8,51.28320165793675
69,35,21,50.780368319090066,14,4,31.799328236144184
56,16,6,37.047309370257466,17,12,25.933110703799787
52,2,1,38.923606263945885,17,5,61.60137674736909
35,24,4,55.51040479214923,9,3,95.05787033501505
59,10,11,32.86412205778316,17,12,36.968000257832514
56,38,12,17.42320513936062,0,2,11.900677256286237
34,22,5,47.35547035389722,6,12,89.14931825007287
31,26,23,61.06273121352366,2,11,100.0
48,43,21,55.337707134703294,13,5,70.13451480555221
41,55,16,47.63226293295455,11,10,63.61108659276483
52,39,13,63.75968015023167,13,10,56.33451038310945
61,27,13,61.23025858747374,3,4,68.62041536325253
62,29,17,40.03628208406409,12,3,67.69610264236428
51,47,7,48.712825925056045,15,4,60.65973619291201
20,38,8,49.356903339546605,15,6,35.953815556487086
54,20,13,43.69874056886145,4,0,60.553898008694865
60,27,23,62.01371356310817,19,13,53.03173489061251
57,41,16,42.71789349904843,5,14,38.95901507483332
43,54,4,37.49581663492506,5,0,60.507199584659986
40,20,8,15.0,17,10,45.27605314545427
61,44,16,33.02544176439433,5,12,56.35470447934998
56,19,21,25.26873136794852,6,0,64.12976540972171
32,20,10,44.394057731003464,15,1,66.96307232926135
66,35,12,26.194661243058682,8,8,45.76883750797176
21,47,12,54.13027112503352,12,12,64.00783716309995
46,2,5,61.62656412321058,11,4,68.66361413793337
39,30,16,44.532648621178204,18,13,74.47770106645743
42,53,1,30.239734256043874,0,8,61.09721665017943
30,34,9,49.296005642723,7,12,67.10697366090325
35,22,12,73.40212587132041,3,4,46.57199793793952
50,3,5,68.73720943986841,18,14,100.0
33,6,22,23.908819601438655,4,13,53.717766071198135
62,15,20,23.352281647976426,16,6,77.42369579340604
59,27,22,19.50695340300078,2,13,45.264814402786186
61,10,24,27.94530819374518,18,13,62.49507746405015
19,9,3,48.77388703152945,0,14,61.748485517805314
52,33,5,36.64958587245113,0,5,65.55627769207155
59,32,2,32.41994946173086,19,1,38.039942836968464
51,48,14,60.586646512746775,8,2,62.788848958134665
47,6,2,52.9513967863144,4,4,45.342506781654066
30,41,13,19.42946059269282,6,3,71.38914990344875
30,59,7,59.72587011314453,5,13,37.43542160683191
35,36,10,52.59052083693058,16,10,61.11799563565099
49,59,13,52.92394887045559,16,5,54.433846213985206
49,2,16,36.44288964104147,12,7,92.09811703759328
52,29,14,42.19043730307665,11,7,77.35574669670183
56,4,11,15.409177077043246,3,2,82.44994674434906
63,1,10,58.00480008801938,7,3,39.568897799827724
69,19,6,30.01609483048027,4,0,47.332740013356805
46,26,4,31.94056453359084,4,1,54.91863373202635
66,25,21,31.737880584604248,12,12,77.89117502772442
46,10,1,72.00601675355728,10,8,62.521525880159594
61,53,7,34.969439028565695,7,14,40.016448509274994
33,15,24,59.13390410315584,7,11,40.86184369201905
61,59,9,44.64011842675828,0,9,78.84943086279861
64,22,8,32.563354298467814,12,9,63.16680107398617
27,51,5,29.84399920080454,4,1,56.049227099095724
47,48,19,35.567158687740125,7,11,54.39225578281746
42,21,10,43.88307889836189,16,5,72.90791321375515
56,59,11,54.02605659582261,12,13,33.912495898513384
37,56,15,37.93512480764376,8,6,56.03722142727716
22,22,6,37.37382387329521,1,5,57.23242451686916
18,36,15,31.78267282646889,18,7,30.081797024993506
47,34,5,27.089367878096656,19,8,50.85197182024273
66,30,19,25.834634703716066,16,7,100.0
20,25,22,59.82043376909401,6,4,38.299845256881845
62,45,19,37.067413730686916,2,7,57.52079919471626
31,28,10,38.39586150666351,18,9,13.457428897407965
47,1,12,35.00081125528722,18,14,52.22174981303479
67,49,22,40.24715565108565,8,14,33.51250914370635
21,45,4,50.56611261485151,9,9,47.96358406771752
35,4,18,37.69678768245567,13,8,63.52333560280414
54,7,16,47.711098311458564,17,13,32.484681612399264
42,49,8,66.2731273424646,14,7,59.82069244284242
65,9,4,32.705039757191905,0,1,39.40452741954017
18,36,23,38.40797595014687,5,1,28.29093279183976
63,19,12,54.61590404117713,14,11,74.65408096191013
32,1,2,67.45944250772888,5,2,35.77183373036381
26,10,4,26.36534583185698,17,6,46.52322788437695
32,36,5,19.48793962728252,0,8,43.58524792915252
66,9,3,44.990904736915624,2,7,59.337681293085005
41,45,9,43.44184654542293,16,8,55.646046216328834
21,46,21,55.50253944249148,15,5,51.69536241696705
29,42,18,53.213405199315204,7,0,40.82527289793809
54,32,11,44.490551611885905,16,13,49.69394670297892
54,32,3,60.738222800501866,7,11,60.87683292367663
60,6,23,34.7847351772101,16,3,57.35785788800862
23,48,2,48.17371188115133,8,12,77.43538165367707
56,38,9,26.764391567785204,11,5,70.2602131983578
63,17,14,44.36807585737023,18,14,77.12930108730198
41,10,4,23.083025421899528,3,11,82.06817024523906
28,50,9,28.262346795355494,10,5,58.741711502641806
30,27,13,70.6417775623488,3,14,72.07242838361083
51,54,18,17.631936482166445,13,7,61.71383756987454
42,50,15,41.7502245687786,13,14,81.53525231109619
24,35,10,57.40822684087002,5,0,19.90286481228449
69,52,16,78.32033372534143,16,12,48.68877419996012
21,59,12,47.65612562649072,1,10,63.20147596631275
25,21,20,48.51330189094038,7,1,66.39921665175369
37,25,5,45.59528072621624,3,1,54.647226803777556
46,28,2,60.85851607026244,9,12,21.74999392065498
68,47,10,51.47555347856848,6,5,51.44884779467404
62,15,1,36.373683198106725,3,13,71.32409470113018
63,4,7,61.73267537143091,15,13,48.68697523554249
27,29,17,38.067139262282595,13,10,56.85003235227385
60,59,16,21.02255819874001,15,6,93.33098550747468
51,9,24,21.070131878466327,8,1,51.26245307070207
43,27,3,41.983977803629756,3,4,51.85235898241991
58,26,14,46.545623486570825,5,5,58.88345756302163
66,19,10,59.33443909573109,0,3,59.750777271875485
20,56,22,54.612246176716525,6,0,57.6923602067738
23,28,7,46.19776417809516,0,2,62.86401563476081
22,17,17,60.17265737148528,18,13,31.198691100320044
22,43,6,45.191068599464266,7,9,52.5759037210505
64,57,23,25.642709508300783,2,8,30.43243741367284
40,41,22,22.373215170336646,0,12,56.11934172196374
66,42,4,64.18031561408486,0,5,67.09151708645425
26,50,17,15.0,6,1,52.22606339793973
52,20,9,41.988890164362466,12,8,36.06322709891429
37,45,4,89.72690240632537,0,3,46.38162928544749
66,40,7,51.88850166465748,15,10,91.02018219240088
59,39,23,41.871857692817,13,12,83.99393974426721
52,49,2,19.73307650020231,3,7,44.155681930950216
67,53,17,69.26055852199823,11,9,44.056237957283706
35,23,24,63.207418060416856,11,6,52.82437733288435
34,47,8,55.27195368507596,16,11,79.79356824961131
41,32,23,44.99160400534778,14,10,19.980827896419882
20,52,15,53.58018370412066,9,2,43.89655745788478
49,47,15,42.770684120942214,2,14,63.22638306455666
52,33,8,30.401086342735024,19,7,60.917592339449335
55,57,16,59.34502397257219,19,3,46.447014122486145
30,46,19,44.24012015126685,11,1,49.95416981498569
64,5,11,52.829159469881816,0,10,61.61922107570087
42,43,2,43.18315139160351,0,4,46.792073993802305
26,48,23,51.92729073070266,9,0,33.73112009107377
21,34,24,44.78260904013376,17,12,51.291920480629344
31,40,17,43.611752218656875,14,7,58.787134236274106
54,11,16,45.44984393216281,1,13,12.51110042078659
51,50,15,89.41304535694569,16,7,62.84446351750313
28,3,13,57.03610478972905,7,2,74.48351337983614
58,58,15,83.79086875349284,8,0,47.854879218654425
20,33,4,44.87846378987726,19,3,48.21768777750161
45,11,16,40.36413045953219,10,8,40.231654989165705
46,16,12,28.88704412436786,5,8,51.952314615777595
26,18,4,69.0484679493384,13,14,43.83656277115192
20,30,3,31.422226392763413,0,0,83.95211144126954
42,48,22,72.14341136080034,6,10,57.49212884771862
51,55,17,29.75717503844553,8,14,12.04976855858235
29,10,22,58.2998980294864,10,6,66.4106927093361
59,18,18,21.134887747895313,15,5,89.382796454742
26,38,18,38.370664476140036,18,13,65.18136100562023
32,19,23,45.33122294169487,1,6,78.80033139190542
57,36,17,36.03763476444769,14,6,68.54362445455696
42,59,12,42.460100972490594,2,7,74.81967727684595
22,13,23,42.53182341631708,3,7,73.84586457606662
28,56,21,57.10400325045096,19,9,74.075041311716
51,46,24,15.0,6,13,61.33352183293269
41,3,4,36.55620407957903,11,10,20.699343348612835
32,10,12,63.81954521656434,3,1,33.21420488418675
55,38,23,53.437198849748924,9,11,33.58086953685881
25,1,22,64.06929393190521,5,11,10.0
22,55,21,56.381840321590275,13,11,46.30470617012153
65,56,20,28.747273394852837,2,3,83.30946486378822
43,27,15,54.913457566793646,16,3,26.272477956461103
35,46,23,46.50289200139144,10,12,69.56150339010529
23,8,16,79.02091997689487,9,14,65.58207923345893
54,51,5,57.032468737416146,9,10,59.59937514754539
65,46,21,52.85051111516401,9,9,78.65161084829235
30,42,15,55.04136395011967,2,11,54.1737179416455
45,17,17,52.03268312499935,14,12,85.43049131520164
22,9,18,51.627016916191096,16,7,51.01017577087215
30,6,5,41.00559945904622,17,13,61.867278025932826
34,43,13,53.03209330530001,18,12,52.16795926552925
67,25,19,59.22700020409043,18,12,36.52404337158967
57,39,13,60.90492103548128,11,2,28.068289940598994
62,49,18,59.0867522940527,4,11,66.50483771889981
49,28,14,67.62095469228109,15,12,81.94573512403962
46,33,4,61.843381849558874,14,14,59.8830892285575
68,54,4,54.427768711511554,14,12,65.27903518183032
20,37,20,27.84508800504447,5,11,23.913566169873146
57,9,20,27.850975157563735,11,2,62.7051563370716
51,18,19,41.27798395107974,1,12,13.408286672374217
57,56,13,45.70130529071578,19,1,31.08838940064095
44,59,12,65.97002296804892,8,0,81.6838562887717
30,21,7,15.0,3,7,55.27300082540126
62,2,12,29.501906058853567,4,13,57.11671995352801
50,58,21,42.086686283027454,7,8,66.07602537026429
23,43,4,30.047135570509674,9,8,70.96260422391968
41,59,2,33.02838992444603,6,10,49.58345060926179
36,38,2,37.51256856171846,13,7,60.85834763643675
33,58,5,30.812612038885966,4,4,53.60975722634203
57,40,23,33.413635088767855,15,0,24.360302594806594
45,36,10,65.44848845541678,14,8,47.90987023950034
50,50,10,54.214775102429684,4,5,63.260947100359196
65,43,9,56.45915017113006,2,11,47.30034924088222
58,37,13,44.48815863813067,9,14,47.481849956550064
30,15,7,60.16657819007642,4,6,70.64397642474574
60,28,5,57.71697476959176,14,7,58.22237777541892
62,18,10,53.97806871660542,17,12,62.03750304794691
42,34,10,35.18753917286834,7,4,22.505531590968076
59,22,6,38.36944277415187,1,5,63.96640021351049
53,11,19,60.87195148098554,7,11,32.83115569145572
44,58,21,37.24899387823567,7,12,54.50957765186572
55,57,8,25.672137956033165,3,6,33.7359336110474
24,13,1,36.959728878540325,18,6,73.65850894898567
22,4,17,68.39108523328679,17,1,91.5921583422456
60,22,7,36.97445003412605,0,13,52.04849671205612
62,7,14,49.914821879800385,19,10,51.86220849281644
68,43,21,35.764681119428275,14,11,75.61499331393645
48,54,21,56.45138331728049,17,13,66.43774066776271
40,24,17,53.05198786054534,11,0,53.574345197050945
59,4,9,22.632228882519563,0,7,62.36419771549365
27,28,17,49.0204798062897,6,4,95.59626929433338
49,15,5,19.761196690521487,18,9,41.56259190949799
60,1,20,36.688983038566356,0,14,43.2822801432416
47,55,8,44.82849125051434,6,1,70.89316555038378
56,3,6,72.70298873193744,1,2,97.24868769057696
48,14,11,49.76868697648765,6,5,58.544319077768115
35,38,19,33.49370869105436,18,9,20.808775500618246
53,50,4,40.24184846225099,12,5,62.80764128194672
19,57,18,58.86295161663756,4,7,44.501029136459344
31,1,1,33.697247373900495,18,4,64.5232375981185
30,38,13,61.45467747002236,0,4,27.81349657616935
46,38,14,37.15423082928906,0,6,25.48420434127963
29,21,24,31.270212667318233,17,9,49.06258836184725
56,48,1,37.63495558645844,0,12,88.0449978256325
19,29,11,20.755733938678958,4,13,27.56765821913582
49,5,17,15.0,8,14,48.593089723424846
30,49,4,43.761969160187114,11,4,25.72392173508787
63,10,12,43.990531824846606,8,14,60.79744393214261
44,28,10,48.84692676805,17,8,59.430087104208454
66,21,6,43.68788722911641,10,5,26.521750571397984
58,50,1,79.93879686158733,0,6,80.75460532919926
34,7,7,47.52614014909046,18,11,16.555874329968773
57,3,21,24.353057158250923,9,7,86.5290581766831
48,45,16,28.20127716446125,1,12,82.48937746862208
51,47,24,45.004570040230924,6,4,61.115938369019915
41,20,14,38.46860073662294,19,13,72.92222635174173
62,19,23,26.572801542548035,1,10,51.437805367163655
52,35,20,44.117278760507055,18,3,24.192579581352625
65,4,20,44.336636559264875,5,14,59.72971070996055
23,5,6,68.93540600245072,9,11,23.581651183042226
36,1,22,31.258654393168563,8,14,54.78239812987363
47,4,5,38.734082911377406,7,7,30.263148217530308
24,12,24,68.88924583643447,10,11,74.50827463857759
27,27,21,49.928793118959135,8,9,62.60337665231988
58,56,18,31.170679087209272,19,8,68.56610508109318
49,42,15,34.279017232336365,19,0,61.80584819756206
51,23,6,26.78761867448008,8,2,92.61627420551633
45,25,19,46.1590894151049,7,11,75.4479955846161
32,21,1,60.46739977253506,14,3,89.07243674030414
47,58,1,69.46351913448488,1,12,36.99899316781943
54,52,13,22.705774035978344,0,6,44.14829385352808
46,24,3,58.03675855474995,8,5,10.0
39,25,10,47.46469196700822,8,9,47.152239170504004
21,45,21,41.07104452744879,12,9,54.28902165086567
37,55,3,38.73992940181026,7,10,63.6862413380523
49,46,9,16.186022461579284,4,0,44.38115228844522
53,32,8,54.56997943602369,2,3,69.72802240377695
67,55,3,25.217148362349764,3,5,68.32685968483091
21,32,13,33.77706277413438,16,2,45.52855780121581
44,5,6,51.26976951829944,15,14,35.83135789497241
34,36,13,17.75046644326341,15,1,56.31815638421054
29,46,23,25.188090857779503,19,1,56.986443680764786
39,42,20,63.27993988715309,2,9,42.84522496285131
34,49,20,46.83088319359094,5,11,49.815829160704716
27,42,12,35.066979493134404,0,11,26.642816175935046
18,58,13,46.88994231455265,15,3,68.57101107858887
39,39,2,55.04214506264605,14,12,68.89465709785485
43,16,21,61.87151836856515,6,0,55.97974407039885
35,33,24,28.31347236960317,1,14,70.31004021756061
67,49,23,29.62742755631733,9,9,57.62313028557308
31,21,16,54.1251494801809,14,1,87.32532140378206
64,9,23,54.606188527501516,5,12,29.07183391819256
46,6,6,24.840465273448256,1,9,59.0358086317038
29,51,19,30.190339867668044,16,14,73.06697497314647
53,45,21,42.093790487078195,0,1,84.84200051658675
52,35,13,45.35364366645767,0,3,70.85150185493593
69,39,17,45.77894815956797,3,3,34.24039188524821
29,22,23,24.610142899763414,19,0,21.899025298109535
24,41,9,45.627416557552316,15,6,51.60245881963643
46,54,17,34.23943957694336,7,6,62.2343662000546
28,5,2,27.50523560114506,0,9,73.89470106689922
50,42,19,44.835059273829465,18,10,33.090600898892866
23,23,19,43.30509555468477,10,9,67.21476118029152
64,17,24,57.02539857383965,16,9,10.0
32,12,7,32.08547449104817,9,0,40.21012493955628
49,23,22,48.52755655467871,11,10,72.20554849250675
68,16,10,21.46987217357114,8,7,31.175787505589593
28,3,10,40.877164841812146,6,9,32.928337789895835
40,30,20,51.95516752493483,11,13,44.49153953694399
43,57,9,53.220318406786966,14,13,58.539844218444614
51,22,17,53.32250693952964,7,6,32.69490148498737
63,9,15,57.065636958754986,16,6,54.35432605393091
51,29,2,38.3131524922131,4,10,46.35642981008674
46,47,4,52.435881576344464,13,5,78.1586399920344
21,37,19,73.03117143812433,1,11,45.324384856608944
34,23,17,37.993010255912566,15,3,55.56678969773765
52,13,5,65.70297023847047,16,10,58.32674233680689
30,32,7,58.14709433312553,2,7,46.60525417285445
58,46,18,41.00514851485728,0,1,70.3940262865828
56,52,21,42.25686748233585,17,6,74.55227154565048
32,47,22,46.77603539500829,17,2,45.22068880283866
46,48,7,57.302474910474004,3,13,60.86240611388472
46,23,17,51.0395194730027,14,2,36.44942118294664
28,45,7,37.87503604172726,18,13,66.27603399002437
69,17,4,15.0,18,6,59.65646124260156
49,55,8,55.082609383782284,9,11,47.72118713305221
19,40,13,16.012534124344615,4,2,61.598648077001435
64,21,4,24.51030439574857,18,14,66.85711330207356
31,2,6,38.96284207947481,10,14,79.60775626204061
37,37,5,26.788821004964404,6,4,62.949643517913685
39,6,12,49.76292641705237,4,7,72.76820731367486
28,44,4,40.55717700574106,19,13,93.0971072452356
44,18,24,56.778464706336834,11,12,34.320685200566984
20,30,9,20.88423700168989,18,3,78.42644926449037
34,22,4,35.071534257198024,14,6,37.41702791460497
61,54,19,45.062990659938436,11,6,40.730989823719824
45,33,24,45.64092195758934,3,1,54.76400654846691
46,30,14,55.41054608215083,11,13,42.07938334354391
38,17,5,31.28117129409684,17,7,38.73535920759841
64,43,18,37.97984572495501,16,9,53.79190524844448
33,32,10,52.61024491320555,18,11,48.33502035357844
54,42,19,15.0,15,9,41.693945551410835
37,51,12,50.77402877838439,10,14,35.947679011697375
23,14,18,56.459229235423834,1,13,83.50298584950899
36,58,17,24.995089159826403,15,8,30.995994110048812
22,10,24,40.27465577572481,0,5,51.64640867118788
20,47,11,67.38989724760721,16,13,77.35845363353432
18,51,3,54.89742446596722,17,4,71.19094599151128
55,36,23,51.704584094562996,12,0,59.67429894589425
32,34,17,59.864389726867294,4,0,42.527161197772514
51,9,1,72.06817676418754,5,8,54.62491867548493
52,42,15,45.27801104727558,0,13,32.51859268706101
66,28,9,38.89216493666963,9,3,49.297307693311225
42,11,15,59.82807616460897,4,0,48.994643783453924
41,14,24,42.18820296075735,0,10,50.92593834655192
29,39,3,31.079720129715852,10,9,39.23980264005162
35,55,22,36.899006205191355,6,11,21.08237808511219
32,47,19,49.684943730875716,17,2,80.03706509564886
61,54,13,38.25606296383678,19,5,75.59539194708437
33,19,12,39.37537128858129,9,13,72.49308610369131
44,54,20,29.590262780321943,14,10,62.56838516976538
25,15,1,66.53049774304218,3,12,58.40725135175169
63,28,21,39.86059920468793,15,12,41.12629221606521
42,24,17,34.32733544077141,14,10,43.26347392919417
34,8,13,35.9231579009158,14,7,84.1071094065759
46,43,1,57.03788962443217,11,12,88.65814689528833
25,9,10,53.59797867754744,7,9,51.304931980451315
32,47,15,37.47217943785691,7,1,55.075283506666786
44,33,7,45.4846955696313,17,7,69.64643110485453
63,33,22,49.15056635778727,5,13,56.86933124080491
67,19,18,34.43878961241592,4,12,58.38069109729862
69,3,16,21.890658189150106,1,0,53.80401475943588
24,10,14,52.725561291468665,11,10,36.243281908970786
20,40,18,35.26898754002587,3,1,47.53975239036652
46,47,7,51.60522525575879,12,7,52.32667511155962
61,42,17,49.81539963371315,16,6,10.0
41,1,18,45.836884518832676,15,4,56.750265212183116
20,29,12,38.608092768154975,8,14,100.0
37,50,8,35.491076662262714,0,12,46.41261843823154
63,34,22,27.923738924456643,14,9,55.662523694247774
32,51,2,35.778780684163664,11,1,38.19028057097613
42,13,7,53.53222517325281,4,8,33.12201419826386
47,54,4,65.96738613185991,17,4,48.7981656702953
31,1,18,63.766490133634775,19,7,67.59586429173548
24,34,6,47.181345242623195,1,12,50.32493159975744
34,29,9,65.95941091022456,3,3,47.518454832058325
61,48,9,40.397735582088295,14,13,64.91191429795386
37,47,14,25.63429976227394,5,8,59.00194236848146
53,13,8,73.81311628815413,11,9,60.585476818090605
26,48,19,52.99212429685155,17,6,78.80588882252148
55,49,3,21.9805387419012,19,1,76.29268458344406
65,53,18,68.38572867956043,3,2,84.91480055053877
39,29,5,33.84866272336824,0,13,30.743367780820826
19,39,14,37.111766134123,14,1,72.14510865287059
41,24,4,60.320747086248076,17,4,87.91645866436838
25,26,7,65.42560670485042,13,1,22.34687986905943
28,17,20,29.98891457338105,2,4,54.59811206642128
30,7,12,67.06486143040168,14,12,44.134653136812986
34,13,2,58.11355194614161,4,8,54.5132946747764
25,5,11,33.00376782092039,2,1,77.93956564948662
38,26,14,41.31140603574743,6,8,27.085289878623804
35,49,22,67.74203844860335,5,6,59.89975430345021
47,3,23,21.591575960875595,0,6,43.70769089008007
35,7,16,65.71071563838328,18,13,78.55283236370435
63,58,20,57.69610691754788,6,4,63.418688442485745
64,49,6,52.63711143406049,3,7,51.8450678394917
48,39,23,46.97543532856511,11,6,40.63766061813148
55,53,4,74.55206973693717,19,5,100.0
49,1,15,76.76885401057353,17,1,60.59777120687309
28,49,24,35.77155374973518,8,5,26.60091055977885
62,17,1,54.183071808475006,18,13,38.785158195034114
42,43,7,73.11564745766748,3,1,63.25230579498376
50,25,12,33.22433128499985,0,0,40.39947450306189
55,59,10,48.647093614678155,8,8,42.85983800577283
58,3,5,60.05813163423737,14,12,74.71851634175574
25,15,12,15.0,7,4,72.94819271282884
28,29,18,57.42832843046834,14,9,43.57585871129655
39,53,10,28.673519648844035,14,9,78.41710394965637
68,43,6,47.88497047433502,17,3,40.78768961171541
41,32,12,62.16517276337727,6,11,88.87082304471105
58,26,7,15.0,17,10,65.7509160511314
34,16,18,56.78788331615844,15,7,60.803634358173575
29,25,2,75.57493476946246,1,14,47.30393332099362
63,54,10,37.00048500501204,3,4,42.82696591652133
49,28,15,53.650352201761855,19,13,10.0
32,9,12,65.02929496049083,15,6,49.11708596807795
33,56,17,21.105824276850388,2,2,54.79009007803975
39,56,4,56.36054637800629,1,14,18.47796959566564
45,1,7,60.35649348896671,2,7,71.46767858181757
37,29,9,54.5793032990515,4,7,51.792570272412746
50,57,19,46.299340383076824,1,2,79.29424184521245
27,22,23,29.993808272908105,18,8,41.32679162153749
57,16,7,65.87135030304364,19,13,79.72841563612505
49,41,23,45.517553478474866,1,7,46.01938194282152
67,51,2,31.441793810646068,1,0,53.99429662685015
50,44,6,40.22961254378147,19,7,59.31230483204187
19,51,18,50.52578237002015,17,11,54.16676463706656
50,54,6,21.582225646736845,19,10,61.08713525969583
50,41,13,45.26895528876177,13,14,16.509031184678392
58,7,19,38.74684174413016,14,3,52.21224507433488
30,14,2,65.04039722048984,11,5,53.39156203274351
47,29,12,16.876641040684063,10,13,15.27038266046474
50,19,15,59.08136463753726,10,12,67.84940752226532
30,19,14,66.25642238403773,6,9,36.772931970603466
69,2,6,17.44367044278206,11,8,73.84658447291964
43,41,18,19.24226271289387,15,4,56.719033212561236
39,45,5,71.78850069849719,4,6,43.5143624579945
56,15,18,31.434419270956006,1,12,75.09384117059237
19,3,3,91.42243680732675,15,14,88.23734107218606
55,11,3,17.912399467197506,14,0,55.77013468559392
56,53,22,47.550711074806806,10,8,82.49772182287799
43,46,22,44.64909394120924,5,13,51.477467931258346
63,30,10,41.87706348652564,12,5,74.2464371506417
67,57,19,51.944435410586735,18,10,47.65045595596695
32,40,3,52.80969637093601,9,3,91.51783558325705
51,18,12,42.48511526056344,18,5,76.54614579250057
59,51,16,29.78739084259094,4,4,64.40689483317665
61,48,17,60.71640546362069,6,2,10.0
66,2,7,54.42078994624254,10,6,63.976332828010506
57,32,13,46.718755359241115,13,2,30.30134068747453
28,8,24,53.945512236260384,15,12,62.06506015095359
20,22,2,56.53412175136695,17,13,80.5499837727773
23,6,4,33.5740193477802,3,14,68.77993934027893
26,12,10,53.410205602227094,0,12,72.17424811630627
23,47,7,36.70446411722486,14,1,47.53953100979656
26,57,24,57.030500348802,13,13,24.507985775593845
56,40,17,42.114006203651535,18,3,39.57105682823684
48,36,20,54.1757936052258,4,6,48.40527099821409
49,15,6,38.493070504357156,3,4,54.71878759598591
58,28,19,54.95553653906509,12,13,80.3825592695842
67,52,5,30.318461563259874,17,8,69.61155738884301
29,57,10,45.54253319795193,11,9,99.39450443250979
25,49,9,59.70948772664901,14,14,34.974253447799995
25,45,13,52.00806985868888,8,6,78.27935646963809
67,18,19,47.88043100173817,3,11,72.50712154691601
45,2,21,72.05342009475959,4,13,52.66875689601523
37,13,24,60.35455302733383,8,8,35.780679233578454
64,45,6,57.833099238796905,12,13,42.69041659188984
24,54,4,54.87041668374758,9,8,41.72887592465176
28,15,24,56.74045308369996,15,11,89.21335483041555
37,20,3,69.85653015828247,12,1,71.5650091665816
33,29,3,38.734969684185074,3,14,72.31312564731057
21,59,4,60.14105947912863,12,0,56.753472986012795
23,42,5,50.347318331621636,7,10,50.42407962964157
39,29,8,39.2532369429901,12,3,61.746715977105595
43,3,16,43.50412345438081,14,3,57.04930719186111
20,19,22,48.28732022319515,19,12,53.07940606804669
58,3,3,32.10089898495866,19,1,62.333777513099506
59,54,24,57.9601916325067,12,2,33.68233317675161
31,14,12,43.45722863866442,4,2,60.340190513608356
28,40,8,46.27393743364011,5,4,52.78400095559776
35,59,13,65.35803824891711,4,0,40.70767482195013
29,55,4,46.946223078402035,12,8,67.81254534968453
40,4,14,68.29002666631658,4,7,90.90365378281925
29,59,14,37.12778236657284,12,7,80.56139423316783
30,52,13,28.543952418080238,19,2,49.34770127173863
42,11,6,40.650102795826754,7,1,68.28794960781133
62,58,17,15.0,8,0,71.86773626378901
68,31,4,58.58642628706415,18,11,57.38343525870223
36,43,8,29.416521880687576,19,5,54.52010393291786
63,32,17,35.734568678305955,14,12,61.87518855690121
53,27,3,55.7441784243139,9,9,100.0
62,30,17,46.786816468768365,10,0,60.14634582733129
25,43,9,38.39181812879819,4,13,29.651582155102865
46,2,2,15.0,8,10,34.07413877961532
49,49,13,64.51212044845792,10,4,51.57616831216133
68,9,20,55.846200502146964,18,8,30.062322539220723
61,28,2,75.83581994547377,1,10,52.34964552037792
35,31,20,36.0543024601439,5,8,99.50421328773818
23,34,11,23.183246034329883,0,12,44.77134858374777
35,56,22,59.921329278966354,2,11,33.25433299611298
36,15,15,42.17910123899473,2,14,50.8484324374064
39,48,11,54.42254788603434,13,3,52.92102467874285
54,25,23,69.29872930989833,19,6,35.22345195586506
49,36,3,50.822296446962646,4,13,30.23269537745759
58,8,3,47.509483508182996,16,10,82.12502093397168
20,9,12,48.45004179458385,14,6,65.01528070596333
45,58,24,20.441277210530032,5,3,45.34519746249284
27,58,5,61.6205731422457,13,4,31.891906584313737
68,37,20,62.58129243373743,13,10,44.651166811569524
52,48,7,52.95855037443786,16,8,30.479281586252526
46,45,7,22.26893047603753,7,6,43.41035385005655
32,39,13,43.182767622944795,7,6,96.33816014210892
50,32,9,66.5778866308928,18,9,59.777090929730285
24,58,21,36.51369505539798,8,6,42.63967693862752
29,52,13,62.7637957787049,10,14,68.59071190387507
66,17,12,45.82644738985281,12,8,36.39913541848982
47,35,13,55.68755759273941,12,4,46.88750396643828
38,37,24,38.817878807628254,18,5,17.916571082416937
48,19,10,46.265713224684994,18,2,80.48138096732102
41,44,1,51.55072872253317,4,0,50.96541204077244
37,29,8,28.751490391587236,15,10,38.62471017109155
54,59,22,49.10869693468517,8,11,67.98981512044595
21,7,16,15.0,19,1,34.04556699326662
45,28,13,35.97747319767341,2,7,35.261307727785066
61,9,3,53.15824521545669,18,12,47.41904037851408
37,28,3,61.803943808258424,4,0,31.049642717716317
41,6,24,52.091282126988425,7,9,41.93102652299678
67,29,5,24.145248392535482,13,6,51.036848427157395
66,58,11,60.49287193298372,2,4,52.84250569181029
68,17,7,27.91275402715899,12,12,28.507309710492045
49,16,21,54.21297827136526,10,5,50.11340311975022
58,23,24,28.412493831107128,7,7,66.61334640688479
53,31,10,33.40190693456764,18,3,69.94872681079548
51,3,10,30.654762961042763,9,5,45.04946436747543
53,21,20,47.0843788392258,17,13,51.22321426808152
19,26,2,42.06698229563152,17,10,50.04360398966498
32,36,3,52.633641564460376,6,2,27.166087727371707
51,42,8,44.72047741990338,15,6,44.19682853975591
53,37,11,22.231898196194418,5,1,70.92456594220187
23,53,13,49.13718702146963,15,11,71.24229584365557
56,22,7,18.56751524350696,15,7,63.23784154434966
59,42,13,31.742190104264957,0,12,10.0
68,12,2,39.54130001881498,18,6,39.36974633072801
68,42,6,38.50194889215533,2,11,64.35188868028561
29,13,9,20.288810092409612,5,11,89.24785236696873
20,11,20,65.56739330307288,3,7,54.70879832761647
62,54,2,69.72004185085049,3,1,56.91745813721057
35,16,18,78.76162656463424,3,2,52.73696531377936
57,8,16,62.214771262344854,9,11,28.869482164609718
38,40,12,39.0683019181459,8,3,62.03852819911354
32,59,7,38.809807185771376,7,11,24.573047054178208
50,57,7,37.981592457401625,18,8,53.29517088316642
52,40,17,74.78456529338663,16,11,56.780995638079155
43,45,13,43.26687796552259,16,11,55.98596551318815
25,59,11,64.0384936038034,0,4,29.03185682212335
53,2,6,62.87152466579158,19,5,40.819466943143865
65,30,23,47.84321784121306,13,0,68.77472012869174
47,30,14,23.225387344057424,19,3,56.457156403039015
40,12,6,43.59122042023626,10,13,40.950520838991764
59,10,6,47.20449414319428,2,3,33.57733872332932
61,44,2,64.16881934854477,7,9,71.05620500045598
31,11,22,45.291868681504376,9,7,55.68725982543341
31,15,20,26.870916545627914,16,7,32.38483287711974
19,16,15,59.818649965975574,7,9,51.22697958152299
54,17,17,41.58688016253768,0,5,38.87784653155279
22,26,8,15.0,19,7,61.02759349826341
55,2,5,49.87476861865118,6,8,80.07237544467586
62,50,17,52.511569411803144,8,4,33.38320959192083
58,12,20,32.35592710701317,11,0,58.14348384888163
64,51,1,42.11931299065367,8,0,57.7796901708231
31,26,22,54.86575538960925,19,1,12.109539499793087
56,23,18,49.97677201803424,2,1,71.65232833562949
42,18,15,21.560145748275012,3,4,96.97895144618357
37,32,5,63.80325249746052,9,6,57.760727103978766
19,49,7,70.59495929307977,3,6,82.19240011966318
56,38,18,37.347241709522365,8,14,29.908779241723252
23,57,6,16.3519264061612,0,3,40.62471542092062
34,47,22,56.56669210204427,4,12,56.424864688124956
42,3,21,34.903613412328596,8,3,37.92639880223404
45,38,5,53.03173192627875,4,13,55.76195812091401
19,3,19,78.03255699850557,5,13,75.06749410512518
52,30,10,21.805386312167233,18,10,37.33870448484468
54,1,15,33.050686802815136,7,14,75.95038786424941
22,30,10,42.08280609677326,9,9,16.53412557774451
18,45,16,64.37517542038412,10,2,43.62469629066167
57,32,12,98.33425694329914,12,10,51.0613564544529
29,28,18,48.70627780649441,19,1,36.46084068679755
53,21,23,20.516658889132206,3,2,43.903730968055896
62,58,1,39.81717938623166,10,7,82.92289658133907
40,46,16,33.37704770643023,11,14,79.79863809664592
64,13,22,55.82378216528684,4,0,69.4006852300234
48,27,6,50.65327054948399,9,3,75.82424733267044
28,36,3,29.372799479931032,6,6,42.59259159462783
27,7,2,32.49771863629303,8,4,30.543191491393067
20,22,2,39.59914166138493,8,1,38.84798304054943
31,10,13,41.40962534905876,9,0,41.81964408725399
33,39,9,44.36716625745633,9,5,42.80970066145171
27,53,16,45.73309822791625,1,12,65.56277583253377
46,15,5,63.52275806601807,3,12,61.4635575903241
27,15,23,39.05683481967839,7,4,51.48676136020547
29,4,21,36.84649739630125,13,2,52.71844713179303
47,32,7,24.918389686651764,16,10,76.89844563604801
58,23,13,41.642111510737124,12,10,29.16354081799122
18,55,20,48.84294369289574,17,14,70.79346134031412
22,6,24,19.138554576102315,17,10,12.77411599589751
37,24,13,39.86357109908141,12,8,43.68208674628815
25,20,7,62.40441194880066,7,2,85.21173549615114
60,58,10,54.72459064051816,11,1,61.016837846322794
29,37,15,50.601497591411885,0,4,45.66716589710872
18,20,21,54.318184484617575,19,8,73.30640713546714
37,12,6,36.39443595165562,17,7,66.90208153506704
45,33,5,34.396203211410565,2,5,66.09229670905893
60,28,23,64.07863171107236,11,2,50.97281655802471
54,8,2,57.429590691373136,18,5,74.19890099445283
64,1,21,33.80590467553344,12,4,42.12196709054801
54,37,15,16.819140604830206,9,0,41.176318586289085
29,22,16,34.11726677279524,14,4,92.48559307276503
54,6,19,53.153013411988695,19,13,45.00167290994362
66,21,9,35.12609785915156,1,6,14.363108072372803
66,32,22,49.95101716200773,18,8,76.249905270937
61,35,19,66.29655830848348,2,11,82.22604382381977
45,15,7,43.604593833103884,13,14,50.284993939034976
64,5,4,48.50940229477318,6,0,13.111999525865876
32,56,3,55.27355784749349,7,2,53.895641806542585
23,46,24,28.768736125086964,10,7,96.44602242853506
61,50,20,33.404261624819235,19,5,59.051182339198014
37,48,11,55.89241739855321,5,12,70.38716083095287
67,6,1,45.55451280823662,10,4,71.5362408061383
31,25,6,46.826379154641444,16,12,74.4258695880542
19,56,11,45.49928741786024,9,9,92.25059903750542
26,46,1,59.674409534429365,16,1,76.6024200761161
54,59,21,51.53568960674512,1,2,53.38565995641447
37,56,7,51.732301366062174,5,11,32.68251529901548
43,40,6,63.33297236333659,4,1,63.594285578251444
46,29,14,69.09860787112034,3,0,51.130958854979475
18,7,2,78.6538758565207,1,6,69.3357274812889
52,40,4,36.314794577770904,11,13,37.74259380908111
23,13,11,82.04111121012937,2,2,48.98775726849382
54,38,15,28.54840584817225,5,6,55.22319381464177
22,18,18,74.0287110456469,13,11,36.21584509259442
50,2,1,35.49060211962936,7,6,55.79720803486714
66,8,3,43.9659030569287,13,7,70.73711604965399
68,11,3,45.2786391774446,2,0,93.20276807795008
31,33,7,31.995438752579723,15,4,40.293803736298294
29,54,1,46.30078000133941,14,9,73.11651965634081
59,38,11,32.769928352435365,6,8,15.439670579131423
37,48,6,26.475848569939505,14,11,54.84920916426685
67,27,20,44.41914550460649,12,10,56.41298816121122
41,20,3,68.84815335364401,5,6,71.28378948903972
60,12,19,41.189703914745365,14,0,44.606397846015994
51,43,2,59.11531373061323,16,7,59.89515605120193
42,31,18,32.31500560926272,3,2,77.16834230921829
67,27,12,25.747858940482,13,12,32.455434016697524
46,32,10,51.807902354330395,14,3,15.829573256358096
56,10,5,71.33418577652168,11,3,76.59035884096717
48,3,9,48.134316781997306,18,14,35.04977252247129
64,45,2,57.39971169805609,9,9,64.1390185252305
60,27,2,67.42686615294716,5,13,94.00175669006241
67,35,6,44.45204475476785,8,11,71.72763512329284
40,31,10,42.71905077508125,1,7,35.57324435575768
61,15,18,52.08132525945949,3,0,25.755152819183543
55,16,12,54.75028659177254,8,7,39.430581726525276
37,13,4,24.015373669751853,14,8,58.456590018060936
40,49,22,49.435884394061254,12,8,50.0016722983478
62,35,21,44.989778858352075,19,4,82.2371620089868
69,52,17,33.15721741334531,7,3,68.3425472733604
33,11,15,43.952844147334694,18,3,40.38727523114653
67,59,6,27.520127522059123,18,8,71.92135423456537
59,21,16,22.33608405189474,15,14,85.12836450240616
25,51,17,46.00272374461542,10,7,48.698321445953816
67,54,3,58.531155350933645,9,9,64.59163688976258
38,11,10,39.790638927699625,7,14,37.50857066616817
18,30,5,30.58906104288486,0,9,52.16506006385438
25,48,14,32.92051821618001,9,11,37.15988859254705
46,53,21,53.23416776649829,17,6,79.78580427456761
49,35,13,70.01077826913897,2,11,44.96448499182749
55,22,6,56.55684287140945,10,2,63.800725809963765
22,38,12,64.51187848872836,17,3,67.70493816776825
64,31,8,29.285644533447467,2,14,100.0
39,14,5,43.89105124897794,7,8,49.68531071917482
64,24,15,60.28036275636612,13,13,39.45709949645269
51,50,16,24.012336281591512,5,12,53.55560324072477
18,49,1,35.12440179560382,14,7,37.98969527902872
43,32,16,59.13028735562298,13,11,45.25063328966877
60,36,5,48.876386561825235,6,11,69.54817922529307
27,32,3,30.523336015759753,9,0,41.56624270843177
47,55,20,20.537678891896345,14,2,66.23941815278206
67,15,15,65.0597277204751,9,13,66.92896376028581
35,43,13,15.0,16,11,59.9874635935989
34,58,24,54.48592768455457,18,9,68.39017538012676
43,35,16,37.004333469199544,16,1,49.11197467035678
25,3,23,60.70602474545026,11,1,14.945197297708184
64,16,11,29.367775502866454,14,12,56.18526324580207
57,5,21,84.22198403042654,11,12,56.56584863013542
66,21,2,51.034482835325726,8,7,47.59687503461695
29,10,22,53.506038281783844,4,5,67.95756463439534
44,19,6,33.40429219834736,3,11,70.28611824705797
25,25,6,42.999294987017606,11,11,59.36314538684052
42,4,14,43.388263908657294,15,11,56.972772118059765
63,29,11,71.94102493877524,8,12,79.37559815238193
21,19,8,51.00865157141679,2,5,33.51983561069795
50,43,8,53.157445596048575,2,3,48.37247817699597
18,2,1,52.989733147227966,17,0,74.95638428819541
36,10,21,54.42916348626895,16,10,65.71550077954082
48,43,7,24.158197353858153,9,6,50.29940992839168
33,25,6,75.73902162055072,1,7,62.81146277626513
31,20,21,31.837671417075605,10,1,44.03583726129438
65,48,8,44.42393496496369,2,1,58.22560906625882
22,19,19,67.97224346282442,1,0,68.76111644354536
58,23,22,74.01937945106042,8,3,80.83737101195159
43,24,21,57.089311195972115,18,5,68.21811843633394
45,11,24,37.4295796538168,1,13,82.27260815408414
19,46,20,46.9160182941645,18,4,26.147229891559913
67,34,8,47.50450918661782,1,3,10.745752832771387
23,55,14,48.03585685963701,14,13,11.350812324822513
26,28,18,26.549204588813037,2,3,77.32113310560902
50,5,16,63.90164298593231,4,9,67.0737488262636
58,59,9,47.01883463906668,10,14,40.63371154884375
42,5,15,34.16671846575088,6,6,47.302120593198026
65,51,10,37.52410368378838,5,6,61.72954901940928
30,21,22,49.047750532630694,13,1,40.53389901678759
26,12,16,23.9564002566239,0,12,38.65602721974757
30,50,4,58.17652614248935,16,6,41.908481510007945
48,4,20,48.52095453614613,16,1,40.189911453598576
58,54,13,68.48534425539138,13,3,55.88381993590123
28,49,22,46.16375581701856,9,14,88.26083290912594
21,42,5,28.72098090321676,7,0,34.857777973071535
51,20,22,27.032952151839964,7,4,53.535473502522656
55,38,7,39.139415791313574,13,0,64.21231415134599
63,25,23,40.72642850067704,6,3,65.71108256699904
21,14,9,36.491074280136274,5,12,44.882462157512386
55,11,8,46.92720799377652,3,8,67.37398427784518
36,32,16,36.11034459171485,0,12,63.40057942204551
23,11,6,48.813088416363584,14,11,45.9748170825838
51,18,16,37.190273764975956,14,7,27.94551776380156
35,27,6,54.47555561601857,0,5,32.1336874734503
30,55,14,40.34851809934764,19,14,69.9171089229423
58,54,21,63.69310008401148,2,7,83.54128135267095
40,18,1,54.784420496844795,4,4,55.01510182155692
36,56,9,47.90378009717558,4,6,83.03811057657754
62,23,24,41.884841000401366,3,7,53.95239051124274
28,11,13,22.214854120070658,16,6,32.110348101847684
18,21,19,66.20324107010883,19,13,50.81065770285623
41,44,17,34.788343823740504,13,3,84.83713865673701
24,5,11,46.36098201603329,7,4,42.93068786188631
42,23,8,50.15706485303823,1,12,52.280955447566086
38,41,23,42.24732660632911,7,13,78.71269416484651
32,59,5,65.31901581537042,0,9,77.33583617815991
18,25,10,26.679436238868803,3,5,61.11852715217711
29,41,7,71.00902210481006,18,13,65.69295824384332
24,54,10,55.07336336262475,4,13,76.25699463605099
32,10,4,41.30369119748296,4,11,61.17118316279282
38,22,9,41.47155009103067,19,10,80.61020339350827
36,19,14,15.0,18,5,68.43879374576831
46,1,2,32.27650844747848,11,12,52.042067917904475
42,7,9,39.691443674804354,19,8,63.690405536559176
50,4,21,47.64157464046362,0,9,47.29116557771254
66,1,1,63.8937186667834,6,13,35.68915887626227
49,15,23,75.56318437243428,16,13,32.17116264918632
66,40,10,49.084006482038596,1,1,50.86832604343992
52,12,10,48.08413968214448,10,5,61.259606857767665
61,22,20,37.644723487321976,6,12,91.02101808312324
55,22,22,19.27349785015695,16,2,63.321597228904274
43,50,3,35.91320210692176,2,13,58.829846444904234
28,47,6,41.91748380380966,5,1,53.00724791230722
52,17,6,59.63091630997743,10,5,47.852617285609426
25,29,21,52.792717973729204,17,3,57.615161378647706
63,46,2,48.323178358515904,17,4,49.48475479560754
31,14,18,36.28799859766121,9,4,48.50298481740467
27,50,23,15.268248764338036,4,2,71.41549447905358
19,20,2,16.173659269010187,14,11,36.850621139149695
63,50,12,20.043952995869823,19,3,50.001590897605865
26,48,22,40.61989985692924,3,2,41.247680416824394
20,33,5,59.910666565769844,0,6,57.352092884015846
38,55,20,59.50598354941325,14,14,72.07519487646229
43,59,7,56.90573643116154,16,0,61.99978529228468
25,43,24,37.27356774722941,18,14,50.58199078718443
65,15,16,62.16394749175665,13,5,73.80762910281052
19,12,20,31.03394135565235,18,3,72.65414093376266
23,40,1,57.80090158288314,17,0,55.78998428668807
45,54,1,19.88135520317917,1,0,86.85994159516872
46,20,17,27.343316341691725,5,4,63.38778276082678
43,30,1,69.78922591455844,12,13,62.84851929598692
42,38,21,41.94248079256194,16,4,30.946456821298444
29,3,20,34.78545210875326,5,9,21.326100640886715
22,28,13,61.54138062998481,4,6,56.26873019735735
51,56,9,63.260574353359075,6,12,74.94509256116486
65,26,15,38.50078787851166,0,11,61.57012821661713
54,30,3,49.17695179413205,12,3,74.01771754145142
32,13,14,47.05361138110715,18,13,46.729604944830456
61,13,23,15.0,0,8,56.64991660391787
53,2,11,24.06209881854409,12,3,55.33379011282513
32,37,24,59.13381621273115,10,6,18.970176846033468
60,49,22,32.51093626435875,6,4,90.7783870235857
65,38,12,52.94756844097596,19,14,78.95123133708557
40,2,13,48.945606770183,2,4,73.56867381102107
23,36,13,63.231491551918225,0,5,80.69853999361862
63,54,1,24.54312767388215,7,7,45.66148014549503
67,26,24,50.913087614418785,16,14,70.91549386426327
61,11,10,44.01878312796834,12,4,45.6154589084271
60,8,3,33.15338488987579,13,14,57.960003363858576
62,44,24,33.04805384581143,4,2,20.15531230485012
38,40,4,48.41221321238495,5,5,52.02427298856677
40,43,16,54.44505256577688,5,13,24.394895637762296
60,22,8,45.95394423816442,7,11,29.917226646337127
33,20,16,46.42071377785918,12,13,53.92595642470447
64,8,17,37.52258393945964,17,1,40.84536227111835
32,29,19,38.51721274425414,3,11,61.77913028953797
42,40,22,33.11294462463154,16,11,88.49906021948541
53,26,15,37.22097522457457,4,7,42.56576688177141
28,30,16,53.92013387752496,2,7,49.70461319720066
68,17,15,55.596084366507725,3,14,68.29021122237214
32,20,2,25.861865762907936,4,2,41.60187655323284
21,52,11,31.55344987077602,13,11,40.6920917139315
38,55,1,34.34402964496213,14,7,46.111101769828394
30,16,15,44.039447073503766,19,8,72.61761064924471
39,46,19,19.752707909453946,16,4,19.63570025963393
36,43,4,31.816394283924886,5,4,38.05031647971401
51,7,11,24.216277304668907,9,5,85.6177586995639
31,16,5,51.00723201315174,15,6,10.0
21,45,3,44.55487586501603,16,2,52.45260281221447
65,59,13,38.06178711836446,13,4,85.59866316206721
69,47,10,29.050840788479682,19,0,93.19973252803294
63,56,11,38.29355323066208,11,10,70.98710235660485
44,48,18,36.52961826363118,8,9,78.43676116092905
46,27,2,69.51999828779807,14,4,36.02774147727569
64,53,7,59.95529567372655,11,3,37.67088406245653
45,23,9,34.6393811110662,13,0,89.28328227804826
52,24,10,47.477930114286856,17,6,49.72318919884747
25,9,18,59.16312969878994,19,14,17.458695582185136
33,35,23,34.63478719055568,5,0,63.36825828829866
59,51,7,23.743338885400952,3,12,51.18005656009539
53,20,7,18.047122186010643,11,7,56.62263442579702
47,37,3,64.08400379871911,12,13,10.0
35,42,12,42.13406427795123,18,9,10.0
19,17,7,49.36987849312049,12,11,61.05118814884738
66,47,17,36.3864393702141,11,1,48.937388805035
30,31,1,25.981516222654736,19,9,45.86275131680627
21,55,5,28.780487627413528,2,12,62.809672129655574
43,57,16,24.884478115610868,2,11,39.422386529869485
42,8,15,57.749916217033125,13,4,49.6911844425597
47,15,2,67.38841737498075,17,12,46.02486656042035
28,31,9,45.558659437125336,18,5,72.7089197878318
24,53,7,22.233013601994017,9,8,17.422512330115183
48,30,4,52.448762862534124,16,14,42.05293850974666
61,46,20,63.97476997488814,14,13,76.79523394849704
27,20,18,59.57500151225091,18,6,38.257219242798996
56,39,21,44.56303427272509,8,5,57.39905860519381
30,53,4,41.48276645059676,3,4,88.3888133753436
48,55,13,44.44250518185404,14,5,58.167820153410275
24,12,1,63.378735074650734,18,14,97.81005742000252
66,49,24,56.40548141732073,15,13,82.99785146223552
59,17,3,39.21364500565047,7,10,41.96671982029942
59,42,16,38.83627086314405,16,3,29.71958830270532
53,30,22,37.77457426888972,0,0,42.92164208227591
37,29,4,29.03051049671548,6,14,62.60107799977004
21,19,23,65.2775735361808,17,11,61.92520385213443
24,46,16,33.18264378380342,11,8,68.29060591171509
18,11,19,52.3541409850013,15,10,36.49193723720062
61,34,1,35.07858542523252,0,4,39.434146174051
62,50,5,37.84164176949957,14,7,66.17066597957093
59,7,19,43.29178849915543,6,6,94.81800930739229
64,44,22,53.17863637251312,16,7,33.060954461088585
30,58,24,41.11164177321781,2,0,53.55131185988668
39,34,11,27.911922425740016,10,8,47.803743037316806
38,59,13,45.28621996618651,5,0,57.907464496772114
39,20,20,33.49992301212555,5,2,31.055358782498242
45,50,5,68.15757460371796,14,7,56.76247539102756
26,38,21,41.100832462911164,6,11,79.41566213486746
43,24,4,34.980459928932966,10,10,22.520218184994548
26,10,4,74.62201199480015,16,0,74.92064996283364
32,32,4,56.0833455366371,17,13,31.101867673509215
27,52,4,31.548388292936757,18,0,60.16285762105947
41,15,20,33.136289100050945,7,5,64.7762239188299
59,37,21,52.112744716360226,19,4,62.50352229999627
25,20,18,45.65214451552348,7,10,48.33041224272187
41,3,18,58.352633140807114,10,5,68.24980917482955
33,37,16,35.05985548512625,2,2,29.855313942072534
66,57,9,55.516636871977155,13,9,73.29147366699733
43,40,18,15.0,8,11,45.69933795691172
44,8,22,42.683371961118425,0,9,61.439982618676545
54,40,2,35.74231280983902,0,5,47.97150551267748
21,44,21,38.174300689988705,11,1,85.6420985826971
67,56,4,43.45688030810882,10,7,63.77272291788607
41,23,12,62.07755459390544,0,14,68.0545596469511
36,40,7,27.689401810184293,19,11,70.75123921821674
53,11,15,15.0,11,5,50.18022351062705
56,46,7,29.4291964333258,16,12,60.78546422171638
27,8,22,60.33653897892239,14,12,58.30568789015158
42,29,21,20.325129967626378,1,3,67.89801252416345
35,30,17,36.42078539122685,17,3,46.0879374832691
36,56,16,57.59366062217747,15,13,40.86857430607391
53,10,19,44.12357185118469,3,10,78.63632749080152
27,39,9,61.930600812754804,7,6,70.73423619056011
50,28,14,15.0,1,13,38.212863922260325
67,49,17,40.17586368703476,13,2,93.04468875092718
22,36,5,65.05765749532499,14,10,43.57173380265887
64,13,2,28.096775308017524,8,2,57.37246418404133
66,32,20,60.522147650821296,1,5,78.37373508481183
52,36,16,41.46464425409757,16,8,78.18307616854489
61,37,14,51.511941375838845,9,0,40.890757725252286
51,26,14,63.969853605338116,8,4,65.34484142004872
50,22,1,51.44754226572133,1,0,48.7956985257364
38,4,3,36.131256609459506,18,0,63.3912442453811
34,31,7,53.430941281878425,16,2,52.48670231087514
39,18,15,35.07300232078492,10,2,46.94485790391624
65,38,19,49.10050279178082,16,3,35.752543078364894
54,24,20,26.222355608628412,9,2,78.7034277699355
32,56,2,45.436420101184424,17,5,40.12439840715793
52,23,19,62.83939617433147,5,11,84.36739746377484
45,22,9,40.518454161524126,15,14,49.12397475266196
24,2,19,61.40535658273967,17,3,64.69304407534271
49,31,5,91.40144296006358,19,7,85.78500536521392
28,55,18,44.565790277831816,17,0,46.388160560119495
27,11,16,54.21288234362977,0,7,64.43693572727214
26,28,4,52.15293877323086,2,10,64.88066861472487
31,46,12,48.37655488761118,14,0,41.66852194241422
30,32,7,56.81844036238344,19,10,59.44518106796318
42,5,14,41.27857452191005,9,0,69.89573259448852
19,38,23,35.061838495881865,4,6,89.0189671519793
52,10,12,22.105158428542378,14,0,46.70199520358832
24,40,3,39.85862260369757,13,8,61.91752273872563
38,46,5,58.52151247703051,14,13,52.458633926944835
35,24,17,30.903043332103028,9,14,58.86722831238532
20,35,10,48.70016844799136,8,7,43.164134465780954
59,44,10,43.15335204703604,11,12,51.61917111852246
56,48,11,35.68922815436103,6,14,85.36423837027692
58,23,17,17.204395053701,4,0,57.54857092077757
66,17,5,65.4428204868118,9,1,56.52211081919963
28,1,13,52.75785795575068,7,1,37.95204856948196
56,55,10,84.9793174156389,19,1,76.81990142866393
41,31,9,61.19119520936312,15,5,71.93921318527613
63,31,17,65.10815967972822,11,3,57.545238027976076
36,42,1,18.759694034649026,8,7,93.02247610081612
21,57,4,18.49746953157661,9,0,44.34812026254319
43,55,4,45.634680915788806,15,14,34.153987877690525
55,42,18,27.778268647780312,9,9,53.10149382036216
59,53,9,34.780697297339614,8,13,38.05557899501799
49,56,18,82.89396270187453,2,3,59.81329371714571
56,34,14,62.84814257522792,18,9,56.46390973218754
62,9,15,30.965166865023058,10,10,78.0579754435332
63,22,6,15.0,5,4,45.885636521913554
53,13,24,29.700939928439247,5,8,61.640399876083706
57,25,10,36.64208335591916,14,4,58.704689522619844
54,48,15,40.18104496109886,14,12,71.65068197313975
50,18,4,25.814306233850687,12,10,32.39167482446534
53,51,18,61.94775888496192,4,2,37.044444044080905
20,12,18,34.3280880921262,13,10,43.42156554750169
26,40,17,54.728665089040646,1,3,33.312963944516056
25,17,12,45.80831132836533,11,9,67.24659446483057
50,15,7,59.077155826290635,19,6,67.43787924415957
23,42,16,41.43119507335432,13,0,76.84127585500609
58,15,11,31.125203420130447,18,10,52.085346108259856
56,15,14,36.02119193847051,19,5,45.7521400264933
21,55,3,36.23272328463293,14,7,36.05675731815453
30,39,19,75.96825827364351,19,0,81.07123784847431
66,13,18,46.14757907758933,16,7,50.555064558564894
19,17,10,45.06949222055816,13,6,40.48330599971884
22,32,6,58.23039811062824,17,0,70.00848785674465
61,9,13,44.998952178688064,4,8,48.21566922160514
44,40,10,61.82514478971555,11,10,33.660636584660814
49,20,18,39.418833589483285,9,2,37.65265745842146
38,26,20,37.89540374380966,7,1,56.81045130926877
25,27,16,30.29589755977758,5,6,33.553716700253226
55,21,6,72.75070995076052,14,10,53.2882509127557
25,18,13,43.95262764351593,11,2,37.70432722642494
67,13,4,27.38936310567757,5,0,36.08021107387514
20,16,23,47.95240832968827,11,9,45.24102701607502
61,9,14,35.24919184404839,14,12,58.18563648301119
20,12,1,39.155981528191035,11,2,61.389931953226665
39,44,20,49.66130147591577,8,5,73.48652121777198
23,38,5,67.8147786038115,18,2,39.33889062164873
19,19,8,46.52378037259561,1,4,82.83017910792817
40,7,12,34.33444844317273,12,8,100.0
61,57,2,37.426277365586586,12,6,46.60107263529185
19,35,12,54.846707803657026,7,1,19.656360573049007
55,48,5,15.62488626319589,12,0,20.168431478712904
34,18,22,29.35976585555862,3,6,45.06372061265983
52,16,5,48.1896911429601,5,3,41.1176519270973
51,55,13,19.399956339378775,5,10,55.10277521513945
40,39,9,40.312231812977046,11,6,65.16570355166034
47,4,10,37.82602446513726,11,5,29.278404915029043
69,59,1,58.16172783113502,16,6,51.56953093842773
25,25,3,41.24576500321201,6,3,44.88041839814744
39,32,18,62.800370739045704,14,2,95.71101903568942
61,40,12,46.183095348570916,16,11,27.368345683533235
53,13,3,71.646766962139,9,4,39.82361130646005
22,45,9,24.18766553412343,19,2,55.6706409914325
30,17,2,69.25690261901966,5,13,39.958093590930105
46,49,3,38.83309265655916,8,2,77.66231016715396
48,37,14,67.10924551839614,14,3,34.602505255011366
64,6,4,62.77852049827746,15,7,36.68234865791304
33,19,19,15.0,7,1,79.386989805797
59,13,13,52.18752315479759,15,3,31.181851387192275
47,57,7,59.96429644211847,4,10,71.69178736304555
33,26,12,64.92889105006675,17,2,45.94860364136077
29,14,3,27.35044221330866,19,6,42.633198988326996
34,31,23,53.85514345521345,13,1,44.843124862799975
33,54,23,47.926105179985925,1,0,32.589074484410865
29,4,9,51.47113450449487,2,9,73.1412888512018
25,39,2,59.98404729889528,13,0,57.72134009627113
37,8,22,62.35064779089652,6,5,72.81925927504642
20,25,9,35.16385567853293,14,2,78.52695917926974
33,13,12,48.981289977699845,16,6,65.82053775013578
47,32,12,45.61702975818192,0,7,25.94448244091852
62,59,15,41.409710665955174,8,4,35.614291276779255
40,38,2,42.84337183246439,13,4,72.0182765829361
45,38,18,47.93980863084955,15,11,56.110084617582096
68,56,13,35.970275962991,12,1,68.0075862635361
57,28,14,58.245551677963206,5,7,53.22142933448285
22,53,5,64.03962432437774,0,9,46.40612027089326
37,30,10,32.69135166621157,3,12,68.03307447640913
57,3,12,64.77494831908683,2,0,20.451501501859724
61,28,10,32.719598636607884,16,9,48.60531205283116
18,3,24,58.46680367534678,1,8,56.32952858289612
47,45,11,64.74718215885852,18,0,59.17385167087078
38,54,2,43.58233955880241,19,0,29.11005834886708
37,34,5,32.84253387024332,7,0,29.93772159902397
23,16,7,36.169755034325554,14,6,47.136968420467184
39,22,6,50.42785298473285,5,3,53.74473282772985
35,32,22,74.46981618614947,19,11,86.10117226252314
25,38,23,19.60900738444935,1,6,37.440405110472824
56,8,3,46.50362947217966,14,4,45.13724146811527
49,55,13,43.67891776354482,19,11,86.83001658797298
50,8,3,38.15217357347836,11,13,76.28175122529318
33,57,24,43.788270874070776,2,6,32.72003968314269
29,6,21,36.86704767226384,9,9,68.50893280720959
55,14,6,63.64733117793612,13,13,71.6480600292603
69,32,11,65.13740710000087,13,6,58.9150819340931
51,35,17,46.32202906720534,2,3,31.536101413448815
31,10,10,42.882824797705645,0,1,43.089912130690585
53,3,12,37.60444991059403,19,7,42.44076226729552
50,59,17,46.35422006629015,0,1,65.57818015623168
40,12,4,72.71746543301438,1,8,46.4112740698346
67,49,2,43.44398645697962,18,4,49.704006353342756
62,59,11,32.40851402960611,9,8,42.960109376637256
19,31,7,39.03357162979724,3,14,23.8309830012821
58,29,2,56.3020494265332,3,8,100.0
38,5,18,34.23394943928592,12,13,63.055832437775194
19,52,21,44.49440858006214,8,7,84.44026117613058
44,25,4,52.09324702744109,6,7,32.68789810194061
26,41,8,35.3720571592046,15,3,85.37429051641688
18,31,20,18.533914188524225,17,13,47.070523731709116
28,21,14,28.929218042203466,2,3,65.60549226151063
20,58,12,32.11850236690539,19,13,74.83500472284317
69,20,22,41.56759041215038,19,1,85.21887361525722
40,39,21,45.66449492092916,9,3,54.07241849471163
43,22,18,57.355519460656666,15,3,34.9130818583922
21,4,11,26.591159870029394,2,5,54.70452147092889
35,13,8,55.17430306060763,10,2,66.82095729802002
23,45,2,39.43614733275298,9,1,44.282394423310336
52,42,15,18.216790516772285,15,14,46.5378112841384
39,50,9,45.203604890763074,7,7,24.034534084570044
60,49,19,64.74401327249953,8,1,35.436697019412755
32,20,20,58.246718274877246,14,7,63.88597233218191
39,52,8,43.85594383466899,2,6,72.63885069688354
54,13,19,61.88655924193126,3,2,77.03512129938636
69,17,5,47.883340208209574,12,5,100.0
59,54,11,59.717832417336574,11,5,84.76326188693784
29,36,15,20.075964975467972,8,9,51.959580272304635
64,33,8,26.25490777109603,13,13,36.286443125522865
66,1,19,55.9355397835908,18,4,49.877085812748625
59,15,23,68.08923741517235,6,12,43.97681096168168
55,13,8,51.25943596368759,15,7,58.31766153136488
35,17,19,37.53994689936297,19,14,72.81885947976266
62,24,18,32.24226212140066,4,10,64.59531726255163
52,58,10,40.27027254607788,9,11,86.5191060550087
47,8,7,63.20455487575147,17,4,62.91051871830703
41,50,9,39.86209442568909,10,6,29.48804116746421
59,27,1,60.71641862081128,6,5,43.600158998289785
47,45,19,54.78859688181817,13,10,63.05150374894383
31,23,5,70.70888700640491,19,14,59.573393392373085
23,46,19,48.00392807304761,17,6,81.16504858047121
20,8,1,44.25605458226938,10,12,55.140762801556114
33,8,15,61.46508158520402,11,8,51.47194380039208
24,59,16,30.971058070529725,17,2,23.52034672689372
69,26,23,38.33974534333594,1,9,38.865541805024336
31,47,7,19.79992881705228,0,6,61.175443868906605
26,59,12,26.185131614280067,9,12,59.19307690479569
32,13,8,73.85057819594715,0,9,66.89773008799519
38,39,5,55.3847186046105,5,2,64.01159932965257
52,37,10,24.439476255405978,6,12,52.732602093611085
19,49,21,62.92243491940582,16,1,34.96610198127179
44,28,5,34.44453680706985,8,11,55.011444124766776
19,25,17,54.614259125000956,6,6,54.115093388030246
52,16,5,54.390204065935066,16,3,82.43643408895227
35,55,22,69.97486050124049,2,0,81.56373429403519
31,2,15,36.93405374249318,15,5,45.42441279628315
37,54,13,33.89655919229948,4,10,42.56156275240717
35,18,1,15.0,19,5,27.926315243241696
27,17,11,43.173403099602425,17,5,51.70224127655995
42,30,23,55.879947479763494,0,1,45.51585617151535
19,39,1,57.9296075290421,3,0,100.0
42,13,11,63.785990694431376,10,2,32.692412791877956
50,32,18,49.34708612997591,19,11,56.17161976920647
53,50,18,52.571716773587504,8,13,42.14278582147837
48,29,21,46.02180661070421,7,1,55.49234112584717
31,46,16,55.61182253329352,7,5,48.33207649777303
18,30,13,30.98636464350015,4,12,71.22994042956584
63,18,7,23.873027536271227,11,11,63.806362428559
33,13,1,32.568929858380756,0,5,70.56130187634669
63,43,16,48.20435576379985,14,12,39.95992986286464
69,21,1,25.49363001292129,17,4,76.58606400850535
20,30,17,35.50133760593718,5,9,45.365993979647534
52,21,6,35.980585754472514,9,9,26.875057908369733
58,48,2,56.727318164481844,13,4,51.36219219263502
23,55,17,54.90143190795569,7,8,57.26731055094303
42,17,6,46.05729138388376,2,13,30.0051736426688
30,40,14,51.76597322456335,18,4,72.47191306195003
51,19,18,52.061856659504556,11,12,38.77679759714823
25,52,6,39.545706643005424,11,9,37.920843392600396
38,15,10,36.86251040418407,14,5,54.99918307386086
51,9,24,68.05029623433556,6,10,72.14607581312224
21,52,18,15.0,3,3,30.683533952066423
42,10,9,33.88044946594121,8,9,73.81256541784907
32,44,8,41.94326217885141,15,13,11.812669411994207
21,31,10,53.3992714097902,12,13,61.61335929678132
62,53,17,62.03259789154788,3,14,32.40611662361772
29,23,23,72.8509740628222,8,0,39.02898761890076
49,52,6,43.624339756948046,17,3,89.75775032581288
49,30,14,44.6289656296525,14,1,35.236747377812655
45,33,22,50.4391509092277,14,9,53.875127964955766
30,57,22,37.03318592506617,5,2,33.66577785058215
48,52,6,27.236440919161872,10,6,70.3837763201917
31,9,7,43.55624300603972,7,6,63.17885533801906
37,54,12,56.180584380026964,16,0,65.99603725541337
35,47,3,41.35614830735279,16,7,77.61738717095531
46,1,14,51.2015308307714,17,6,48.24380455702562
23,44,22,16.967740306926956,3,0,76.49015139606072
49,35,19,45.27606935129188,14,7,84.79812163900117
46,11,23,38.94830113928512,1,13,60.688906766624285
60,34,16,25.873143667632224,1,13,32.87432751192853
19,16,7,54.85818755377271,9,1,30.900844723652554
40,9,8,72.68468353911473,2,7,63.84547261400398
36,32,18,59.849383885213285,7,2,32.86150334065398
48,15,13,60.80623508217659,19,9,28.132064207526255
68,12,21,55.68715551925206,6,6,72.6748402355673
22,33,9,54.696771744693294,11,12,45.82404700606348
36,45,10,18.00852096636726,18,5,100.0
51,14,21,43.08073574892016,14,4,41.85068613239831
27,57,23,52.630046499688014,13,14,45.05282692156662
42,57,9,52.97107171801301,15,10,62.18423400298936
19,8,15,64.07559283904557,13,9,59.0913011085307
28,8,20,29.514035255502314,2,13,53.31629457956792
67,27,2,54.10907423111548,17,10,52.84073935034372
48,12,13,29.0243849401108,5,1,100.0
32,1,2,41.824506152414095,16,1,88.21541714828007
26,43,19,44.07055489147086,13,12,71.87047538294647
40,40,2,57.93856371073427,13,11,30.491596035687714
36,42,3,56.174300826005165,19,14,53.52178556271018
26,51,6,46.80495881567458,12,0,68.21088578107214
52,11,3,15.0,2,13,69.96438230360508
38,39,10,51.67250599488081,12,8,80.55214765425427
26,43,24,40.98485284441819,1,10,42.176943352840134
45,31,6,65.8770883742865,8,7,54.229281438787645
63,17,23,62.30240316510553,12,7,39.89970228777089
68,33,16,30.929656396415133,7,0,81.69493716668887
24,32,17,53.73261358485878,15,4,68.97654170672413
33,58,19,54.028659092406066,2,11,44.85315092602464
33,29,3,52.937753694253885,12,5,59.49755792798468
50,21,18,50.99371612118398,3,14,56.00618804489983
21,21,7,54.45231879702375,17,1,37.40135983299377
21,40,9,67.52228723360994,1,9,73.60332457763198
56,23,20,36.729295001601955,19,14,56.539508539059156
57,56,12,31.412855651143197,14,4,44.41359757984806
34,6,5,56.74072703258255,16,5,37.05781195922318
54,22,3,16.749568580532628,9,8,72.09192721946786
56,50,11,54.81035790844305,0,14,60.36282732194436
69,38,4,52.1540845281307,5,9,41.10692871790634
46,37,5,15.0,2,0,45.043293416439035
69,45,1,35.45495010584452,18,12,55.11040123153789
53,51,18,68.63961788411976,6,9,56.276207757729374
55,54,12,23.142352039260903,12,2,58.84108840556079
56,8,13,48.18887422424143,12,11,19.616197557335674
67,41,9,29.92642050009323,16,8,57.408249705154404
54,49,2,34.36580543907351,0,14,30.616985181157194
69,35,5,73.74478230641007,13,13,83.38008392502321
52,51,13,46.85166518679209,2,0,75.85852652873861
24,11,16,52.75426032844385,13,0,78.13460830511822
44,24,16,43.31303135360229,0,0,10.0
45,49,24,22.273000288535655,15,6,49.016363370923585
39,21,3,27.226151896535082,9,12,53.43985076294595
31,51,22,62.676454884633486,12,4,66.49992957952739
24,2,4,47.29338222518602,3,5,73.01749122341529
54,40,11,33.44567466065273,8,12,80.69251280804791
39,19,23,44.6692229811471,13,14,10.0
22,39,14,54.923969449259225,3,13,38.97399036907953
19,28,3,51.81733271374969,9,7,56.15597676375647
44,59,16,33.45316199676232,7,13,71.5899809690669
38,17,22,21.370450815942696,2,12,71.03623433052114
55,6,15,38.894301851676815,6,1,64.498049850086
32,19,10,61.6357295390506,9,12,42.258783164026646
38,56,9,57.81565447660816,2,1,44.803986200948856
27,38,11,51.15604897387744,1,2,42.41102392689061
40,28,16,42.43679382800833,14,12,35.37892939470606
56,2,10,37.24879856909074,8,2,35.098837180758636
22,38,17,42.715073933184605,14,12,33.18613510597198
18,55,19,56.726574964531814,16,2,61.719002740789094
30,37,2,60.15285918353642,6,3,57.48660968175901
38,51,24,41.07319852616598,19,2,36.46426533407447
43,52,23,83.04346964291389,17,1,20.770346895175585
67,4,2,46.386056636655844,14,8,47.61333481315271
62,22,6,39.795668250976476,17,5,84.60111045974458
38,26,19,67.13504157914326,11,2,55.12086521917008
35,49,8,15.0,7,8,71.00153527651847
54,43,3,52.20050541848033,1,14,58.600918984715484
62,36,14,43.90802411050055,1,3,53.83730610350836
49,58,16,66.72276479807037,4,3,25.538962234796454
53,13,1,54.07385037975288,0,7,46.86629999286549
34,52,21,47.08653254762488,3,6,44.30423798881149
52,58,3,54.93950696319823,5,14,84.62437220497755
66,32,22,29.166265318188717,12,6,58.664413106065446
28,17,18,59.50229751718288,18,9,80.55071575650778
38,41,9,24.831213644797934,10,6,77.54892854971256
69,36,6,50.37746071221547,12,9,38.08171919323777
43,55,23,45.53421511629037,7,10,55.02319127539392
21,46,21,18.55418135442862,6,4,88.6975719436543
51,19,1,46.034130871440745,12,14,66.26358453747264
69,58,21,49.229801275594475,0,6,65.05437926323408
65,35,10,35.17686039063314,5,3,73.27162163218728
35,46,6,29.81367001736088,6,7,64.60762236042409
57,40,23,52.382661051425956,15,8,65.92710258423321
52,56,12,50.43472501741214,14,12,61.042209423497745
58,59,4,48.402286338810654,19,11,48.20485794323456
46,28,13,45.13262658532326,1,2,33.838181515595686
69,1,17,36.50155474536605,15,6,17.860974454529966
46,42,8,79.08272178997153,16,11,48.41249807021568
55,18,20,40.52503739627868,14,9,63.732087571469776
59,48,3,32.02329954796825,2,8,59.77142184577884
38,40,12,45.816409128152,3,0,67.71822835342019
59,33,7,42.285884305333234,11,1,52.47912664270554
30,12,12,40.177307873752646,4,6,100.0
66,8,2,73.11414135908979,16,14,95.54514421137829
58,24,24,28.05378272993089,5,12,24.648095853457725
34,16,14,45.56155603190559,9,1,68.13017601530616
26,50,22,29.059904626072324,17,6,74.37550850952938
58,4,23,36.884628429059575,9,0,12.549635988277373
18,38,5,71.04173924842547,5,14,58.33768381810236
19,44,9,49.2216758358284,5,2,65.33830309204924
65,27,21,49.040558927825764,19,14,54.88756612798714
46,9,11,30.907781578082187,14,4,62.71947549923702
50,47,5,38.63067661924827,3,13,56.58126935073828
27,16,3,72.34682282337755,15,11,69.05158918961351
67,56,17,52.490433696553666,7,13,85.96684657217091
57,12,2,39.90427722535643,6,10,70.4116340809425
38,31,24,51.609108854549085,18,5,78.50624860181301
45,24,1,49.01495794816813,16,14,33.851617507432366
28,55,7,32.40840519222185,12,12,95.54846770311991
51,14,14,39.467876272168894,14,8,61.29853437424656
25,45,5,78.81804153161798,1,8,47.18867883013409
39,25,19,50.880038751699615,9,2,63.30761071390047
25,34,11,21.46436983035686,12,13,44.10776096833363
66,3,23,52.65315222369617,17,7,57.76145331785584
32,58,2,64.5463240954192,10,12,61.02247020096854
34,24,8,31.43432729770909,12,3,41.2753199719123
40,54,9,38.147365549747796,18,6,58.115675653130836
41,42,3,66.80656432437777,4,5,40.9810168132704
62,9,2,45.523687032393454,2,7,40.85223285874826
36,26,7,42.85682665813065,18,5,34.781062759593766
22,20,5,24.959129551822816,12,3,47.525884784927584
49,40,21,61.05849462721301,4,1,43.98614662999397
61,10,5,42.17296444874059,11,6,64.47755812277981
18,19,20,15.0,13,10,76.92609824182576
40,3,13,21.410437278506187,5,14,68.24173900350019
54,24,21,36.57629077225953,8,12,74.44996048476771
25,5,20,28.907365602560468,16,10,72.76336261830934
30,3,6,31.260573694500323,7,3,36.46608283178547
25,58,20,80.17004842955146,12,12,48.31868153910083
40,27,18,55.61284520499156,4,8,90.58816998437067
60,16,2,15.0,16,8,44.10722511858529
18,49,6,40.28517133169247,2,6,92.07763232677554
62,15,9,43.657598889691975,5,4,46.65585342445126
68,35,3,22.845990990950487,13,2,14.048911419584094
41,12,1,53.015794583039145,14,2,50.054390021016026
52,41,1,15.0,13,8,71.93138559210156
41,53,19,61.45420436655556,10,8,88.26903447537474
34,44,5,66.62294972584326,10,11,25.441827103599458
22,26,13,80.28877618435504,8,12,71.56533957217026
37,47,19,21.385061186506306,5,10,72.86295650173949
38,34,12,24.436539622497964,14,3,81.02804780615384
57,23,16,55.39008051379096,11,10,10.0
48,31,19,62.74020082598966,5,0,88.13659241361262
63,50,3,57.13428992037858,0,12,63.81804004616525
53,20,12,61.19575510791391,15,9,64.17294261835232
28,12,5,65.65241042947551,19,4,75.77997276613144
69,23,2,48.03375593293849,14,13,14.903106259170784
32,4,22,41.811751298691114,1,7,75.29997555768044
36,23,7,24.477341881118942,16,9,100.0
24,48,13,40.52841892176302,2,14,27.626996285667115
68,55,15,42.826673965036555,2,14,53.71212435697746
45,48,22,30.754731400136173,4,3,55.749209537405584
68,1,3,44.42663698264404,16,9,62.12905828093983
60,54,21,29.064315493807758,16,9,63.52079063950115
22,25,20,61.69998504520754,19,3,41.570162391749925
22,2,5,51.3873670376874,5,12,55.7990096385675
47,30,24,38.10594466742529,0,11,89.88063011306426
49,3,8,47.83260911739128,6,13,63.12305425308885
25,58,22,28.423653564627752,14,8,62.36498014967205
27,21,1,29.944608553211047,6,14,40.70904648902603
55,25,8,35.49218042584166,18,8,81.78281706676032
64,20,24,42.12107894386349,19,6,50.66156366780162
49,49,18,47.11802718733536,10,9,13.997264960385507
65,52,20,47.17734550344009,13,7,63.404022997692614
45,22,16,25.218335002540496,12,11,69.13866651165975
34,21,18,43.78906675661763,19,11,49.02390990302715
48,33,20,32.72917019127668,8,3,10.35694374277682
25,52,12,15.0,8,7,32.67593101840873
57,38,13,91.13378297284424,15,13,52.69754650882897
42,15,13,33.02023911070633,11,5,47.19151279698758
26,58,10,33.85271768782792,9,12,63.83342753645017
19,58,7,24.803458164591124,5,2,66.83352996714686
32,46,14,29.137605679542393,17,6,46.28355544109537
67,52,24,42.16991527628825,1,2,27.02035756076694
20,15,16,65.27719986180043,19,10,84.06420143987376
66,46,15,42.0847699267848,8,6,66.2115748165648
53,25,12,40.14656536147988,18,4,68.4279905006821
21,21,9,63.00410965532082,5,3,62.68290670833593
31,24,8,37.134052041973746,1,2,76.94837512112403
58,57,18,45.317240933634984,14,7,47.37808183474701
58,58,23,31.17644902180528,16,3,71.56653449507718
42,5,18,70.27700251428854,15,7,68.3700230559498
67,6,13,60.72765360053769,7,9,67.70837135882364
27,49,18,42.7051894569995,9,2,31.107474219591815
38,43,15,39.00835077193911,9,9,57.78246809164718
53,48,4,44.52240815044892,17,12,62.74109329260321
29,44,17,42.92426132083799,9,8,90.57973669622112
44,47,5,21.7977050201599,8,5,56.996990867791126
57,23,22,61.240011771380615,18,14,76.63935483360406
19,4,16,41.592933296334216,0,4,25.270628799235133
30,27,9,73.47510564069218,3,4,40.6696241706415
49,18,10,51.327235661438735,2,12,63.781964008900474
48,21,24,15.0,9,2,63.60778724458426
33,28,18,25.77564825226424,11,1,40.66556790675152
49,35,17,15.0,17,5,74.11504661820413
49,22,18,25.58927918521653,19,10,51.649599733400926
51,40,7,20.495974887159296,5,0,51.18388787314914
28,23,4,48.788512355727605,1,14,53.43157665776077
27,3,5,40.25871987590587,9,14,81.77251541065374
32,40,23,56.10809877043334,1,13,76.779066142868
34,50,16,44.428506259890575,8,6,92.66275927572845
57,10,3,41.39536397782747,9,14,66.00953875681513
35,25,18,75.04810423904016,1,4,93.6181797437414
26,52,23,48.34233950787753,7,3,59.76216650508428
42,49,21,43.792327237461386,16,8,52.47141257341024
57,8,14,32.19838619897935,16,9,46.237301705450754
31,55,15,27.36129726495559,3,0,51.475886160403334
42,11,17,56.55751527588152,17,10,52.45649966263007
67,5,1,55.66043996752289,11,14,41.28663666677279
39,58,21,68.573681084235,16,3,43.18720530656022
69,45,17,52.183673899542235,8,2,67.15093447271865
47,53,23,39.103457438406814,18,5,45.23783577723694
37,55,11,52.665154181554755,13,4,20.992350107274596
38,37,17,43.79549096694089,13,6,19.975067523685432
61,56,14,57.98077701110655,16,12,13.052531330188472
49,59,20,65.01497740278066,1,0,26.6501151048519
68,45,19,42.47165480424319,7,12,31.00130295380219
63,38,21,71.35964459722109,4,4,35.51955328790585
66,29,7,62.825209014322795,6,13,60.72064846986121
38,5,24,45.26526509146606,15,1,29.56005231633599
52,9,13,55.06114912586908,15,1,36.61152075888634
49,59,18,49.58245330470275,16,10,18.363607841409085
47,48,23,45.32990989206441,6,14,41.791942009047325
56,2,14,73.69717584709515,19,10,69.47777834298867
66,1,1,52.764066914860365,7,1,54.53255891707567
29,40,7,32.3854745905341,7,8,56.639764373266644
58,51,8,29.58045484607087,10,9,54.96092002265108
64,30,18,30.193546193216587,14,2,29.303611638032024
35,11,9,52.3425675137726,17,3,46.82488351322367
38,28,1,39.87729491521414,5,14,59.41950736574347
30,44,22,49.999405749191666,11,4,74.39113783868761
38,12,17,59.04594427442059,14,13,62.272093309831234
25,39,19,75.43070295648432,5,3,72.61218938559591
63,26,6,40.222901494674645,17,3,33.275269996317746
57,13,3,23.871740890001544,19,4,24.933200126676958
63,59,24,71.8860309799609,8,9,19.95158436101199
24,8,5,23.14348766521393,7,14,71.34133073463285
40,54,2,22.55356938816312,13,8,26.206036708295812
61,28,20,71.49675389950347,18,11,76.23410385776128
49,58,4,60.99347291606219,18,8,46.08029765040557
28,30,10,52.27260511839273,7,13,88.37519201883856
39,9,10,44.25118503819789,1,13,46.027622930562956
39,39,24,41.41193973907119,3,5,47.12406287677017
60,31,21,35.23760962508492,5,10,56.33939680138192
42,58,11,40.754352385868756,2,11,46.70764110845698
39,21,16,44.288769284539164,2,13,63.36134032762
45,56,17,24.383251620908673,18,2,34.10560107684222
46,47,16,32.69657226041316,10,5,58.726687352401285
30,34,7,15.0,9,9,39.983097375368246
35,55,16,46.168911781504704,11,3,50.889145797215456
19,31,3,46.1715180162649,13,2,27.49667020791805
46,52,16,71.6777315439777,17,5,72.4459210674117
38,25,8,50.633323830488386,8,14,47.88327751319478
32,12,12,36.65936899626933,14,10,73.321501961938
69,1,3,41.99467497450401,2,5,40.26081486376601
44,55,17,52.30233468766652,10,1,54.818793296218196
67,22,21,48.414189398175026,9,8,73.51878311008144
48,40,18,53.67428878817397,17,7,31.490265302362104
32,37,11,50.655671603069024,3,5,37.353467771266764
68,47,4,41.21033602214999,12,0,71.211402979907
40,1,16,36.96310063390501,5,11,81.94866996701332
41,1,17,36.156566940600506,12,1,55.32420943327572
61,57,9,31.12093073066912,19,14,35.60860884124945
30,42,6,28.768210743382117,4,3,48.64138081800714
39,54,24,72.57695896293713,19,6,94.39369684774894
60,42,20,46.87065227469083,13,8,28.32889980763547
54,21,2,42.67047823337498,12,9,65.55972001109672
50,15,9,37.561735257406404,13,4,57.51042750186874
20,17,21,51.43318663996399,7,9,31.872316207654826
36,22,6,63.0549582908411,15,1,48.72438591524208
40,38,3,55.8489671438361,12,14,18.90871726403251
46,35,20,58.82383630967266,14,12,60.76440956843436
47,45,6,36.20206826724032,18,10,63.66038250201076
56,16,7,44.938061373249305,0,10,27.67665429384026
61,8,1,36.39932832211561,1,10,66.1326031756627
64,47,23,46.60547098204863,17,0,41.69731346427055
42,17,1,64.08886512087315,18,9,39.885937696695436
54,17,5,51.59105767355762,7,13,35.493039262060336
64,54,6,69.40071548994078,2,12,68.23251613272421
25,26,13,40.672145843247876,13,13,21.523191252623242
59,13,2,32.8955841897443,8,0,23.21301548867444
33,17,15,52.68192730041419,7,4,43.156800668577844
25,38,15,46.78287544834228,16,13,43.84835574224934
18,17,13,49.840533797470016,15,6,67.53227513263762
61,48,14,47.59830244449747,9,8,53.17721514750776
22,14,22,37.73348439972786,9,8,53.21146883829817
20,45,7,47.936040716549996,5,7,22.603759870674544
18,6,14,59.600558037437565,16,0,50.39268178443553
21,35,24,61.141615618529315,15,4,10.0
57,46,10,37.657251012219426,14,5,59.74915343873532
52,14,17,48.46508897595727,13,5,68.54583463786118
49,47,14,67.15666624322381,3,3,39.40939439575085
59,8,8,37.98163876410713,3,0,62.50676294177754
51,15,4,35.25830400851173,1,2,46.21908643393732
60,54,16,56.91604445953306,10,9,79.64230523904521
42,27,24,54.28438810470718,3,14,59.56027458412137
27,13,13,32.44535877401833,15,14,34.22720578813894
38,49,22,24.008091045637325,3,3,78.4194479010295
63,31,20,48.17334153444521,0,3,71.54034468758879
56,53,18,38.7210435320261,18,12,46.75712930394306
44,56,14,19.738856180573798,1,3,64.91024714432847
44,35,18,34.69196214227303,8,13,64.5905501733754
19,6,5,54.039147225518626,12,4,46.48789732076284
58,5,9,42.72883933633508,17,12,56.31294750304893
65,22,3,68.49156067527991,15,14,59.89045094705709
30,58,8,15.0,15,14,41.4873213913592
26,49,20,65.06988557230723,9,10,81.93088926554209
69,23,22,39.84144930350717,8,8,15.455731378548158
53,25,10,37.6736799606543,10,3,68.53882026255138
39,34,22,21.732092450276205,3,8,30.632709124913188
59,26,19,51.976227737141386,9,8,50.129362658155955
43,47,21,17.59857009009639,2,0,23.035890276545324
29,5,3,57.26855466896876,5,4,28.619509303013302
34,26,11,22.29953902437358,2,8,53.2583798966337
31,20,11,24.66441059644634,8,3,56.45478970080157
31,6,17,27.131780749759773,2,4,76.19600065627296
51,6,16,34.26075048909754,17,3,47.01849688669684
37,59,7,59.13113911649251,7,12,67.32810915155358
28,50,4,67.55934800432482,7,1,54.79477351887754
33,18,23,35.81109676589959,14,9,66.5585645217066
68,4,19,44.30155348040901,12,1,33.1611758740282
48,17,12,52.34875963608767,6,1,56.77615603727217
23,57,15,40.06031454399142,18,12,62.46438030495385
36,14,11,51.76136440939495,7,0,45.067396265784154
54,14,5,44.93880792743953,9,2,62.61873451112343
21,13,5,41.19810181865203,16,14,64.51903085471862
64,7,15,23.70276457646854,0,13,44.64339617591229
21,44,18,47.23564796887005,12,10,70.50854663513711
37,55,11,59.37563556972086,12,9,10.0
27,15,12,33.32583228389576,15,0,16.692642480056165
41,19,2,15.47594048716006,8,3,34.31561638771172
52,43,20,40.20674036557045,9,0,60.62699786197868
43,47,15,67.64655967211279,5,3,39.900585348623935
54,44,20,63.17924903231625,4,2,28.245007965912144
55,35,4,36.293066913261214,1,8,53.22840793903753
38,17,22,51.83272507484785,10,0,57.00741945449899
57,35,18,54.2031886972585,8,13,42.268659575559504
56,19,6,67.355071822345,5,7,31.310526141306475
38,20,23,21.74126555699242,7,10,55.141968003551185
27,36,19,28.96757654055533,8,8,70.8987785795128
55,35,11,15.0,8,11,30.71503419486778
63,32,24,34.823862024826916,7,6,86.61919339763641
21,58,2,60.99458351203252,11,0,43.66749144839493
62,48,8,36.60421260066479,7,3,42.266115862927435
37,44,11,25.377166052695408,2,9,57.68565583301988
34,40,5,48.399546262231475,12,0,57.06583947719579
24,24,18,48.78553255181032,18,3,10.32107005179774
21,17,23,29.744258205729984,1,14,52.836640236272906
46,7,18,37.409311392228,16,2,66.55997487468935
31,43,14,47.25864780968439,15,1,75.55848561655291
20,50,22,56.18979745037683,3,0,52.68474328548039
41,1,10,35.266913197664216,17,5,47.87819236160031
54,35,3,33.10535479933988,13,11,69.4936218671693
33,32,9,73.68832034147911,1,6,90.83540582132213
69,36,3,40.88960653882833,12,5,56.870814419869966
21,13,11,48.74151456321081,19,8,51.35181233075762
41,6,12,54.725474345934444,16,11,80.13727318893717
51,58,12,18.196709472781187,14,8,32.4042092418544
47,14,3,44.72209557452241,19,1,56.252972989557435
35,37,21,20.314255729895052,4,14,100.0
36,48,7,43.03833826848897,6,14,64.06757373963568
48,15,14,65.59685852754733,17,1,70.33565697993134
36,47,24,30.022975099170843,10,8,48.426024787874425
66,4,11,20.00371215378265,17,0,66.7260514133152
63,40,7,73.31528665299889,4,4,79.31722241889314
36,59,21,27.79414236896742,12,0,24.716474893630853
39,16,10,22.52131504159514,17,6,53.07428836929496
41,28,11,69.28547354085269,1,8,61.99494375551535
62,16,15,27.20295117304268,19,5,53.87280472464438
29,4,19,69.67371314592937,3,13,45.25731901263879
47,45,16,49.111362422559814,12,1,82.90367417562747
55,26,22,64.25935615010155,15,5,59.07258298539442
48,28,21,47.790995041428765,5,8,40.97749811165956
53,32,20,61.19553547093136,7,2,74.6846043502209
36,45,12,31.223267661288492,15,8,82.79501025789179
65,2,18,35.795958539649995,12,7,77.814909235507
62,31,23,15.0,3,14,46.68762557826403
53,3,13,59.57672216636777,1,12,47.55175727150491
47,54,5,51.293540149730255,8,11,34.19823025889561
66,8,4,29.89013062005867,17,6,60.07982844738614
50,24,14,18.766469275231227,16,7,76.97116425570705
35,15,8,49.227197229377154,7,9,66.28362013722557
69,43,9,70.13931802158285,14,5,90.04139599141868
66,31,19,42.93058616126515,8,2,16.19260808476293
45,9,3,35.123309422174245,16,6,57.80358544868531
64,39,5,30.94388579778048,1,3,71.63316847330391
28,45,21,63.740230616494834,5,10,42.82205361832507
62,2,18,33.31128263384588,4,9,32.369607018027246
50,8,1,39.43231349973477,16,13,30.856547083363242
34,7,8,60.62602361878169,1,4,57.0880206170391
23,56,19,54.56222407254475,17,7,30.357321466840133
21,44,17,40.00636005019982,9,14,84.46080264668606
37,51,17,34.51534588125982,9,6,65.29874918798409
65,39,11,66.98367434618072,5,6,50.985200781802504
64,42,2,28.254454873410275,11,7,53.39005332595413
44,57,6,41.84572222308924,16,9,76.63850722281757
32,16,22,22.411852689865484,12,2,81.81799055720947
23,35,14,62.83300766905553,19,2,36.321643948892444
64,30,3,37.87671186175491,15,1,40.336782546615645
31,10,12,34.50561301926516,9,14,47.85335355286872
28,38,4,54.92493698077091,1,0,42.50790202334491
56,18,12,23.617269430467893,1,9,18.904838075337068
26,50,13,54.53072071828261,6,5,38.70242907529141
43,5,2,39.5918581189874,5,5,40.92375121608315
33,53,2,26.920511778297083,0,12,30.996923785809294
22,29,15,30.14605544607272,11,9,63.80560550929579
69,39,23,34.73699850657394,12,11,52.48356985724709
27,34,17,38.33934486804392,11,7,67.34574308293722
67,43,7,27.022108892381798,18,13,35.30444828301967
20,45,14,49.41773984352069,8,5,67.67804070892899
30,23,12,26.629170240664973,9,5,57.89439595995575
60,5,17,15.0,16,0,44.0307074552461
66,30,14,73.79429443196284,17,11,87.08569296247396
47,6,6,47.968913236484504,7,6,57.25412623475782
62,56,19,75.14237387468363,6,6,44.469051860560704
23,58,24,29.34510974959425,8,9,60.6207061269332
34,46,6,52.19692071431997,9,8,36.07029084801929
62,44,18,58.4191304829489,11,13,51.46464376217128
68,4,24,42.15980612740116,14,14,95.58176136580627
36,29,5,23.33325036631979,14,11,19.60811934068404
59,23,24,41.03278298666558,3,6,44.435519880244584
52,6,24,54.395953996443595,3,7,52.04816239395359
63,32,6,53.823306748510475,0,3,47.6719807115618
43,42,2,44.975570813129146,11,8,44.987059619414396
68,18,8,58.459319147576196,1,14,88.86483483320708
22,15,15,57.751291822385305,14,13,43.90305540846645
46,40,15,37.14498599910745,16,0,62.93677615831763
54,58,11,22.193705177126894,6,7,42.748841132523005
37,32,22,47.85650862016183,5,2,62.98372119012702
66,9,22,33.800436509693895,11,13,73.71355259825313
38,37,24,47.15622901348935,18,0,53.512513070313894
27,10,1,65.18294780327848,0,1,43.56370296208685
22,20,18,51.56238023806647,13,14,52.529619295979124
53,6,12,64.44383563832594,3,5,65.7015578257165
23,48,12,29.827802984751443,4,4,72.32926040434627
43,56,11,61.311836080210384,0,13,60.140537036771924
21,59,8,70.14896897477499,0,2,53.41015155260823
56,3,7,45.96483010062038,5,8,80.57630088559107
56,42,23,79.83080090546534,4,7,42.467965797321924
67,11,21,32.138531824070924,1,12,46.754942494336206
52,43,2,35.41749195360822,4,2,90.87389284561306
18,17,11,54.749033256427026,8,1,53.06503652849848
41,32,22,45.81698317245283,18,7,68.18090630271058
53,4,10,33.85639000828158,14,13,37.262237314443254
23,4,3,54.28656114923652,12,14,75.01977592180268
58,17,20,50.33312269998591,11,4,31.987595052123844
63,41,10,36.20584985201627,4,14,30.501387246953847
61,19,18,47.83577439066559,1,8,72.84951676450558
48,5,14,56.385382809463884,3,0,47.77161397475852
37,32,18,35.87311820252232,17,9,50.1524245322743
41,22,24,52.754937144613315,9,2,63.611964940338
42,56,8,31.994351587179793,12,4,49.19850690537003
53,6,10,34.8926342853773,11,1,34.04565241955524
38,35,22,61.67380969830416,1,2,43.641723790243454
47,22,13,54.206194396596466,14,3,35.5039989689878
41,1,21,16.697437378384144,13,3,78.22701859609752
61,20,8,39.38663062436199,9,10,79.11412799455286
59,22,4,52.34545161889739,7,8,38.18572493757202
47,48,4,47.082984257825075,14,0,63.70906685416012
39,55,5,54.27306367775928,12,11,49.54866425080574
45,11,1,46.73972489673445,7,8,84.18832567745011
24,13,17,43.011034897810006,13,14,100.0
52,59,2,42.55256796244137,0,8,69.63542952105773
45,42,8,61.36768970391804,12,10,44.72542454062365
31,3,7,55.42409379645935,7,5,31.821714513522284
27,9,15,51.07115705618193,17,10,59.89489364107041
33,12,5,46.33249648351166,8,0,51.88193833939046
33,23,2,36.76771962929672,12,10,26.15116004026318
48,14,7,40.398695037576914,2,12,56.58738889098102
59,33,8,60.970066866553154,17,11,97.24733296084347
42,18,7,59.557537418043246,9,5,71.11424705683054
30,49,7,35.2714135545685,4,7,31.76396200227614
23,59,14,46.498797715873515,5,4,54.631721723025535
61,41,21,52.47700983921098,7,4,62.469172270955625
26,9,18,51.497766171099954,6,0,64.84854244615725
62,23,6,51.38224024595147,17,0,22.274997013449507
53,10,4,28.318877724348962,13,7,52.65347570574745
60,19,10,27.427738671782844,14,12,60.220404448627335
37,47,18,62.55292115041969,9,4,51.268980579882374
35,5,12,67.63537798337782,11,7,16.419969847131206
60,47,16,22.77718291434815,6,9,51.966972986406034
38,52,7,44.58359795033005,6,1,70.68288346496173
21,23,6,57.210761959999836,10,14,43.56039050467214
67,30,5,15.0,12,3,45.601251887735536
50,25,3,28.899932128814328,14,12,82.95628957811047
44,28,12,43.617044668093044,17,10,51.00338887715826
24,34,15,36.041420159126766,6,13,57.23800292218731
23,45,10,48.13715251718323,5,9,17.71122090688874
32,56,20,67.05723041525533,10,8,33.942685053296096
35,48,19,32.2080355873015,7,12,98.79357283439533
49,47,16,45.75409336973062,19,2,88.11026920105012
28,25,11,39.828058155087255,0,5,64.4575146715259
37,10,8,47.04547962109709,7,10,10.0
41,14,3,45.08700178674141,7,6,28.366586344181716
32,42,23,84.55797298698815,18,2,27.830411979632235
65,57,7,67.34366188271369,2,0,27.538123080148043
24,46,23,21.285967190441525,4,1,47.279547154216004
38,58,7,31.497978555412374,2,10,70.61475008753466
59,30,14,33.332141126870795,14,13,42.36179417147718
43,55,2,26.48586773808298,13,9,48.79125740020907
61,41,10,24.474555288162982,14,6,48.85594964799513
31,25,19,42.32450362957827,16,6,73.06461242254773
54,14,9,33.904686539825384,17,11,72.8642178602264
38,35,16,31.63809500301053,1,0,58.23998337497967
35,52,19,75.30710965639194,11,9,80.56874044839418
22,48,18,34.936835688604795,15,6,47.34279776959053
20,34,9,38.35248408280198,3,14,89.93849274371276
40,10,16,56.12184730488923,1,9,42.878452477894065
43,35,13,38.302072918883795,13,10,15.637756372958393
54,11,10,27.514897343224458,10,5,29.741567795141407
41,11,20,41.13090444222404,12,10,27.964054442144235
66,21,14,75.13100134344154,6,5,40.19614727474201
36,21,12,37.77836864602613,9,6,77.57227348805928
68,22,19,31.32349896255225,0,6,46.017400489848065
42,45,7,51.30345496273532,3,0,27.900070293019755
38,7,23,40.41128268510044,17,9,25.876043038923857
29,55,15,86.08491191509567,5,4,53.849447126076434
58,17,16,33.19654572410099,1,14,85.49482977278774
50,2,8,71.00596080315074,2,13,59.42081708061448
67,12,10,62.45084324833567,13,13,73.87762901565455
21,57,4,39.279820453171595,7,7,63.03657614425763
59,42,19,44.94727058015405,15,7,24.47017587306357
24,18,19,29.55180212183232,18,2,67.02712620801965
39,54,21,36.92337705565481,17,2,32.219385756067766
50,59,15,39.17331255596498,5,6,46.664364231643574
34,11,14,47.36780296515685,13,14,40.54638924171104
41,16,1,23.80979811038906,2,3,52.92783411588785
51,49,16,49.67227005504438,15,5,50.027502508691185
45,51,10,42.811973680550274,0,8,47.386973750878845
60,18,19,50.971617015192486,11,9,49.48252469357402
58,35,22,53.20959963366538,13,1,60.3544019655704
56,53,3,41.610968342163225,18,1,49.48121155007312
39,59,5,52.3229666533693,18,5,51.548032448954515
66,26,9,43.69235757861103,8,2,94.84350457142492
34,16,18,56.15209484142098,6,0,75.79118703609299
51,6,11,49.74188724539586,13,1,45.03046048688173
23,57,16,47.715622517190624,4,13,57.133808842257565
63,44,2,43.463310357989016,17,12,55.568302536891366
23,43,12,64.43723869425018,8,6,56.59913973531522
51,47,22,51.077778439425344,6,3,54.581441273706396
18,47,6,25.178062905021015,8,11,56.74394096553327
27,48,11,37.920738461041786,3,1,49.964493916741965
38,42,8,41.57122787509746,16,10,42.70909974890774
22,12,12,44.98315259541291,11,11,47.24300201983944
19,13,2,47.65061026839761,5,11,20.279840036974605
39,4,9,30.83674928584783,17,7,68.90151965408758
65,39,15,43.980032093776124,7,3,64.64192305920774
19,54,2,40.28817979117695,14,3,95.23198601051423
27,2,1,61.2711636413094,2,1,31.08960812674677
51,26,10,30.073825360180855,1,13,46.928320569942
33,59,2,44.739320999877506,8,0,78.33973396050122
65,27,12,34.7192233148931,7,0,62.17780322023259
68,27,23,72.9449387327969,3,2,87.63074821927381
56,15,8,63.84920403980222,1,5,84.52538158283878
39,8,5,20.364631269141032,13,6,10.0
29,7,22,33.056794723713935,1,12,60.14741892223706
41,47,1,58.0638493810158,1,8,60.25301209265483
64,55,15,51.85924572064802,6,4,54.54350488289524
57,46,6,51.38897673969471,11,8,46.310706204167005
55,40,12,47.86279058639385,5,7,86.24173704150854
27,12,8,59.26799827601871,17,0,54.459356479841276
52,13,13,56.714649065961886,3,10,10.0
68,43,19,40.64165790420749,18,11,46.14875475384848
66,17,1,27.011122501096096,12,2,96.42349766951872
49,17,11,19.64902108210279,19,7,32.65914678476902
24,56,20,43.44541912144349,1,8,79.35072271577873
38,36,1,17.401475036343594,7,13,75.84942117914161
37,21,8,48.76495085513114,18,3,49.88230749226425
43,8,5,40.37952692823885,8,13,58.78199092822086
21,5,17,74.15866554692158,3,13,53.60674831345687
63,26,8,50.1469390873846,15,13,44.45348243945217
69,16,10,44.56162230656522,18,11,41.62925881277226
39,36,2,20.757454204045064,9,5,83.41334068307265
32,28,9,26.065183720259935,5,3,51.530096378870915
57,54,24,55.220312133994035,15,12,39.559959192350036
38,29,23,40.303550085164,9,14,65.9835993109841
32,47,3,83.0306362205925,12,8,63.5291923625894
39,12,18,43.75423057747108,8,1,25.159781138195978
69,37,7,47.5338342020813,6,5,42.11612286604799
45,30,15,25.24654527783108,3,10,21.024032458554835
31,23,21,59.21147348272973,18,12,100.0
44,16,22,31.11418668876335,3,2,47.74524549072978
58,14,20,52.86618122866031,18,9,41.464176543450456
57,10,18,57.176899712559425,18,3,44.99665511440449
45,7,3,46.427898886020394,11,1,39.91620881822588
43,45,23,71.35456403455954,12,10,51.33936680316149
66,52,14,35.839453925246254,3,7,79.70172644541663
19,37,24,70.13310319682323,9,9,56.94680768702644
42,29,2,25.935809721001466,6,7,27.247953655444125
20,3,14,56.98542737819454,4,0,32.04014209991913
25,15,22,42.863797780628154,16,9,58.492093283667835
61,36,11,34.37801113330097,17,5,38.348437372249485
50,47,16,20.080818769019757,10,0,51.18362589335375
59,46,8,41.08996284124782,14,5,100.0
69,52,7,40.14277379728942,6,6,34.885905267531456
52,19,11,47.59359334431687,17,14,26.07605839576973
23,13,3,55.87222464466109,5,1,40.19467151721342
56,42,17,32.87300740341982,17,8,19.016560923683194
69,21,14,71.37401521755899,15,7,80.72208055604196
40,37,6,36.921979315415726,1,8,31.814031237143837
42,27,8,54.032909685411,18,14,35.520701869807425
67,55,22,46.35251074894925,0,9,28.331395657071752
60,52,5,42.019354295166266,10,12,21.16690200866848
36,29,8,45.60085773397548,19,3,53.9029780230896
22,20,2,30.895687227440938,4,3,39.976641378204526
68,25,15,39.18650801141353,15,11,18.906154876670925
28,6,12,24.90367120055776,0,7,47.55568828780809
29,36,17,36.76094495819595,18,0,62.31321683149378
27,2,1,37.99999609473092,13,7,46.16028028907327
25,22,15,57.67832044157015,2,6,66.98562894946693
41,32,14,40.02112209979416,1,11,88.97072215455562
45,16,20,38.27877564393941,4,6,71.2898958650132
58,18,22,48.30060249981059,16,8,59.31703391204309
53,5,16,47.71278913983844,17,14,71.24388250907585
54,54,9,36.134389930275674,0,12,99.54225779003069
38,36,1,50.91342588778197,14,9,26.17504035118293
25,30,17,42.32029203482918,8,6,67.65437812637897
26,45,13,36.1100504901749,4,14,35.06095759154081
64,19,21,37.56781753591509,12,1,59.83433588135036
32,23,21,59.24026034027914,18,0,28.558306557701787
65,34,5,38.01858010110663,9,0,70.11795472111447
63,13,10,48.916880047592144,19,6,60.59849381209658
57,43,6,25.763996034293047,13,4,84.990047383284
35,54,24,61.7295749758839,11,3,49.57453974005951
59,29,19,36.255085887622634,10,4,48.938073400036714
37,36,13,51.00434245115831,6,9,49.13791409348373
23,22,1,41.226478079953544,16,9,100.0
29,52,20,50.832512366886874,17,5,67.66993408172802
19,52,15,51.651603305470395,6,11,81.89349678396479
24,47,14,42.83005109684843,19,14,69.48713638615732
33,36,8,17.010531775585957,5,9,72.63906083041039
20,9,10,61.36522664112361,10,5,25.497649682010362
62,39,9,42.90146006548747,11,0,43.80318060801535
20,51,17,50.52009010761099,15,1,42.573589069296375
44,19,9,55.37578034862403,18,2,56.181662253661095
67,38,3,38.142387792854564,18,3,52.92998566482724
60,6,11,52.757031849066934,10,5,22.84649071981888
57,52,12,33.78596858813639,15,11,55.85880925143456
55,47,10,50.81314284717822,11,11,14.750062965892965
50,15,17,45.29554145216807,7,10,70.52941824262648
45,57,17,38.66257284749315,2,12,57.079072202640035
18,20,11,45.704882554694976,1,8,79.90715930034163
25,9,22,29.17209789905772,5,11,59.25696337207559
54,32,4,49.63559891510846,15,1,45.75213166471545
49,4,7,51.19233118534228,19,7,23.4753080298227
65,50,21,50.18460209856171,14,8,47.1095698317976
60,18,14,67.53256241311473,13,1,39.245776342417685
54,5,7,43.57539428842476,1,8,62.4310153095213
21,20,24,44.60815991808143,19,6,46.577953218908334
47,23,8,27.445958983174506,17,8,67.09829776551034
23,11,1,68.58704237314357,13,5,82.07672090353604
63,37,24,22.5278490729824,17,1,26.71835205467297
36,22,22,48.428454100498165,1,7,54.947849469315834
49,58,4,35.77828389437123,0,9,54.045127966686714
26,4,12,45.93474919011959,19,14,61.284500613519725
29,29,24,25.379110918101123,1,8,68.73305314087975
28,44,3,58.37495204656318,8,11,86.75510757658415
63,34,13,30.672306025506902,8,7,32.81051170420016
33,13,20,62.493796696492296,15,1,23.55821461737564
18,42,6,31.08584322215565,10,14,58.77023097326657
62,9,11,59.628186286566084,5,7,63.99021466326441
38,42,23,32.53552685416478,11,2,69.40647781257486
47,31,4,35.78085433102238,2,2,39.77802363379131
30,7,20,44.9723086745382,11,8,23.443021889270106
51,4,16,32.281099447743266,0,12,79.37936863462872
21,19,7,31.83936323129938,8,8,65.2494803564377
45,42,22,32.45488045502167,19,14,47.42604484691477
55,30,11,49.78283376908911,5,8,12.077214232886163
48,31,24,44.99325901976608,10,3,41.618196291022784
44,35,1,45.78946841840468,2,11,68.90777735038337
22,57,7,40.13050718458685,3,13,63.695947239751945
42,21,12,53.230498497910034,9,6,27.433896531506363
20,31,7,60.75087046680934,18,12,67.38237024578876
50,19,23,53.63425596301839,5,7,53.23619149465297
21,31,7,41.86542673126006,0,14,80.34145442345367
42,53,10,26.68822374488512,7,14,41.04131858472146
37,32,16,15.34378950473883,7,12,42.660417141261355
51,2,8,44.027027244403584,5,14,57.30191908068514
43,59,9,15.102128806626713,16,12,46.646862883895764
22,52,9,42.010419999966416,18,4,37.53049818783017
52,10,2,66.03934798209856,0,12,91.82877562366932
45,2,13,27.69794924053187,14,14,83.41923401475785
46,2,13,25.708395779791335,12,14,35.80175497060646
26,24,23,54.554013441213336,2,0,59.40644741971347
69,17,23,15.0,1,14,24.360773727209526
55,32,4,50.72712210593175,2,8,89.02463288757374
67,16,24,67.0276391359124,8,5,70.20283364332704
23,16,12,31.91272635907485,15,2,75.07315868744121
36,46,17,29.336403793231746,12,2,49.96914105648907
61,39,2,53.85034946399295,18,13,78.49394264560652
28,53,13,27.438843338606677,17,13,78.5470220345833
19,31,18,57.162280856016906,11,9,51.70702607256397
64,43,15,28.660351076267006,11,0,32.01992128668954
61,24,8,71.52603503001629,0,12,63.70416725974028
61,1,15,54.93458468592344,19,7,52.469491174045295
26,11,1,45.57065715284699,7,1,92.05100632199355
38,55,20,70.66132414638533,16,11,56.012641498995436
41,21,10,60.473155617775525,19,0,57.1290882065534
51,4,12,50.52925165414966,6,6,71.13959732220668
39,7,5,17.051700993922775,8,13,55.065513760682435
20,26,9,34.4775893839592,16,10,68.88712130327986
29,47,23,61.2811438330576,9,8,44.21938510561013
45,50,8,25.49810935188599,3,5,32.628795044372225
47,12,16,33.51415090045943,6,7,36.748627246833124
43,31,14,29.66853318740084,6,7,48.25750140654809
65,17,13,51.03535239481864,7,8,57.37241496928071
38,33,23,59.45417716294321,7,6,64.98074590538319
45,11,21,59.46898377886856,15,8,64.11295459866366
43,28,13,32.20770905891604,11,14,55.20148132206037
50,32,5,50.82987783553021,14,8,33.598129689132634
38,1,16,31.50176074431456,7,11,68.97652143223077
52,47,11,41.8417725039295,8,10,24.973118911335593
69,28,22,52.80252148419025,2,0,31.64827119480911
51,53,5,60.92063004943777,15,5,55.903913582080555
58,42,13,15.0,14,11,70.92904774202266
68,7,11,46.479520371127485,3,7,67.54623802025709
64,2,19,66.10939955294913,19,9,52.99331215729418
35,42,3,48.48329144513051,15,8,63.8950106156293
28,24,15,46.239199091899685,9,14,33.690920547213125
40,4,7,36.55489272779447,10,3,43.76405733696338
65,44,7,65.7112945167942,4,12,44.067253943654286
39,19,6,37.24823857183091,10,1,35.50245674243016
34,26,3,43.497759143260076,12,10,47.81416758345322
22,11,13,37.94680232202406,14,8,50.823517100129436
