precio_producto,descuento_pct,dias_entrega,historial_devoluciones,num_productos_pedido,edad_cliente,DEVOLUCION
74.90142459033697,29.03495422771425,7,1,3,24,0
55.85207096486446,25.275438019493198,7,0,5,19,0
79.43065614302077,7.203939300659979,8,1,5,18,0
105.69089569224076,31.19992427644912,9,1,4,40,1
52.97539875829992,13.682020893038583,9,2,2,42,0
52.97589129152458,24.391715927200625,2,0,2,35,0
107.37638446522175,4.113616213853094,7,1,5,61,0
83.02304187458726,22.979202860681152,7,0,1,24,0
45.91576842195144,15.323173402141016,4,1,2,68,0
76.27680130757894,41.119060559267716,9,1,1,20,0
46.097469215626134,2.848936349868414,8,3,1,46,1
46.028107392892295,20.930363745916498,1,3,1,27,1
67.25886814698103,22.9215712065719,2,1,1,60,0
5.0,36.250303814955934,2,2,4,22,0
8.252465024609016,28.714378754510548,8,0,4,51,0
43.13137412277082,33.360616859709054,1,2,5,25,0
29.615066389967286,38.8524642825878,4,0,4,31,0
69.42741997785822,43.11014868290944,5,0,2,57,1
32.75927773436368,15.693774836123525,9,1,4,23,0
17.630888959941252,26.901135268195148,7,1,2,18,0
103.96946306764661,42.005403921959996,8,2,2,50,1
53.22671098540393,49.472556548252825,9,1,1,57,1
62.02584614063772,44.47596555218816,7,0,5,28,0
17.257554413596296,18.57336313121884,5,0,1,67,0
43.66851826424452,9.758325860932521,5,3,1,41,1
63.32767769129598,24.469626870329435,6,1,4,27,0
25.470192677330914,37.08207259180211,5,3,4,61,1
71.27094055037016,24.62845353766488,9,1,2,69,0
41.980839302435854,24.159043165683425,3,1,4,40,0
51.24918750620169,41.91152105409003,3,0,4,33,0
41.948801633118094,18.070188953359317,7,4,3,54,0
115.56834553526814,42.98973374058228,7,1,2,33,0
59.59508325786198,20.340240047586178,6,1,2,61,0
28.26867213132299,16.41165528391697,3,2,3,48,0
84.67634736309567,22.69949555998495,7,0,2,23,0
23.374690500869335,38.12234793374342,5,0,5,47,0
66.26590785014267,6.300101393199714,7,3,5,54,1
5.0,9.82096079360087,2,0,3,18,0
20.154418533047085,47.5722412831546,6,2,4,68,0
65.90583707607371,8.77458136906787,8,1,5,59,0
82.1539973998623,28.38636589655273,1,3,3,42,0
65.14104843569912,28.965723333096893,4,1,5,63,0
56.53055152835278,24.48122310251224,1,2,1,38,0
50.966889132321334,32.23726242884093,1,0,3,52,0
15.644340288977176,11.491336289880921,8,2,2,55,0
38.40467374815874,27.633113388837412,7,1,5,22,0
46.180836871206374,18.608662762344856,1,0,2,66,0
91.71366678656747,33.08336298145945,2,0,3,67,1
70.30854868705384,7.061177168657473,4,3,5,29,1
7.108795339117982,28.543870841973813,1,1,2,22,0
69.72251908184384,9.263517769166185,3,0,4,26,0
48.447531587510504,13.93215315575182,8,3,4,61,1
39.69233999082124,10.93549001617916,8,1,1,69,0
78.35028866522603,9.141888993440855,8,2,3,26,0
90.92998567487854,41.28554757803335,6,0,2,52,1
87.93840357348596,14.285378383044517,6,2,1,18,0
34.82347430332084,46.35618909322247,5,1,3,64,1
50.723628724463566,48.49632626725954,9,3,4,27,1
69.93790294210692,28.563023496854868,4,0,2,63,0
89.26635381367078,7.15005613328632,7,0,5,56,0
45.6247728646413,18.727412168979065,1,0,4,53,1
54.43023070008549,39.8866131674107,9,0,5,54,0
26.809950779819154,18.369536434853522,7,1,5,69,0
24.113801277579874,4.350860915139437,9,1,2,65,0
84.37577467182594,27.839245546409398,7,2,2,52,0
100.68720085712468,42.25604257480174,2,1,5,34,0
57.83969635258998,39.79631935717512,6,1,1,30,0
90.10598693676073,8.756157006517661,4,1,5,23,0
70.84908075142903,33.63823072062333,3,1,5,54,0
40.64640736184627,11.025213171782354,2,3,2,65,1
70.84186816525242,10.910376727608611,6,0,3,49,0
106.14109699397908,43.70358866525926,8,2,4,28,0
58.92521882670145,12.483447637011508,6,2,2,34,0
106.93930967442019,13.16236732590056,9,0,1,22,0
5.0,0.03266953806497774,5,4,4,23,0
84.65707513125672,43.53345170627588,2,0,2,27,0
62.61141204714514,39.62974066045673,8,1,2,50,0
51.029779486023976,31.3664467545339,9,2,3,47,0
62.75282329606507,37.51328819694211,4,0,1,38,0
5.0,7.60242837122459,6,1,1,59,0
53.40984336487464,22.916179729378772,8,3,2,34,0
70.7133771453524,17.560969367439043,9,0,3,44,0
104.33682134224549,4.688826312850825,5,4,2,20,1
44.45189345179058,24.306524260746205,6,2,5,46,0
35.74519191320437,46.03698251713177,4,2,5,19,0
44.9472886924639,2.002955952534724,5,1,3,46,0
87.46206353106223,14.573045674689695,7,0,2,66,0
69.86253328979053,10.377046810285172,9,2,3,53,0
44.10719388698884,11.907332683284816,6,3,2,51,0
75.39802299340069,45.42172759396876,6,2,2,54,0
62.91232648044121,23.403452711714507,8,0,5,59,0
89.05934971598668,23.31497064699094,4,0,4,18,0
38.93840718367943,38.02878212276411,3,2,1,43,0
50.17013560206695,7.72461020024629,7,1,1,18,0
48.23675540603527,24.36326770500254,5,0,3,21,0
16.094551556036443,21.499260706052986,2,2,1,56,0
68.88360831193728,29.845534527332806,2,0,5,31,0
67.83165816539668,49.97788516252193,6,2,4,63,0
60.153403699273824,38.47244470410235,8,2,2,35,0
52.96238599874559,19.89328515087136,1,1,2,51,0
17.53887773848757,41.377652613702345,6,5,5,18,0
47.38064031703923,8.535418165624009,2,1,1,39,0
49.71856450419692,1.5231843154480063,2,2,2,33,0
35.931681923351434,10.222418623213652,7,0,1,39,0
55.16142865001973,17.020577805712982,1,2,5,67,0
72.12152570443615,25.529037872977995,6,1,2,33,0
116.5855770363159,30.75645702705999,7,2,3,45,0
65.23733438495518,45.53028586072109,8,0,4,45,0
67.72651172168293,25.492700477522884,7,0,1,39,0
57.76662252701498,25.063782231286467,6,1,1,23,0
5.0,2.5121504911491064,9,1,1,42,0
59.204583736523496,1.7455776328111905,3,2,1,59,0
61.80690629823079,27.557998095818604,6,3,5,19,1
133.89726337455858,21.908930662417227,4,1,5,24,0
54.22917105656632,41.95901974901493,2,1,5,34,1
69.04642027000837,8.033979235592259,1,1,5,52,0
58.9586469088427,1.24858310585248,1,2,2,37,0
24.93965887141404,22.451938396506293,3,1,5,61,0
94.28468443545061,11.873927837612875,4,1,2,19,0
82.55799098060322,2.4807186669418724,2,0,3,24,0
83.73095841129141,36.22991434238145,1,0,5,49,1
32.71837635615783,5.579649997862374,4,1,3,66,0
102.08382932808297,30.415975000388585,7,2,5,36,0
17.944468116231576,14.052487508344457,6,3,3,29,0
77.60571281400811,8.6748025177511,6,0,4,26,0
125.71366877429935,18.987576145965875,9,0,3,44,0
30.28391024607935,40.072288811147686,2,0,2,31,0
43.01106811191684,19.604678845228634,4,0,1,19,0
62.989540952629234,37.538482460552785,5,3,3,38,1
44.895730376514024,6.274314839957534,1,2,1,21,0
13.480097068016022,38.638570983253956,8,1,4,68,0
62.05688924418082,11.846666245332433,8,2,4,38,0
28.130888588216855,33.86965649444364,6,2,2,65,1
74.20777291905544,28.289077742049816,5,1,2,39,0
32.417272972985906,46.45723586058437,8,1,3,66,0
106.49803215052619,19.366125898765702,3,2,5,19,0
36.50240122991289,3.308259441722022,3,0,4,34,0
50.338154513829735,0.9577742775626452,2,2,1,36,0
84.40551652109009,41.34292804863765,5,0,5,57,0
23.074070506981343,26.236781883071608,3,2,4,41,0
66.82379803812388,38.76220259174746,3,2,3,37,0
99.21428262847284,11.721280000575735,6,1,4,55,0
11.775502963163177,17.254187275661685,8,2,2,29,0
65.53901575596913,1.505193610565947,2,1,1,42,0
67.7964838274527,48.07461622870561,4,2,1,40,1
83.45468615331932,33.39339533504067,7,1,2,67,1
22.891478673657545,46.66025438796531,1,0,5,51,1
20.386301607471708,13.274820371453616,1,0,2,49,0
75.65824696850693,30.573180561283042,7,0,1,68,1
68.90954019699558,33.924998414631894,7,1,3,41,0
67.5147855103763,15.877485012879422,1,0,5,59,0
70.39344628490927,42.405461750781505,1,1,4,42,1
39.59925835264528,47.35807314501239,4,1,3,20,1
66.9676109148301,44.24275588480022,5,0,5,42,0
68.79217419896044,36.953348796968626,5,1,1,45,0
38.56945745920896,13.873233986247701,4,2,1,29,0
115.97323533434269,14.080802105281586,8,0,3,43,0
74.21498762735362,48.1680160223019,7,1,5,65,0
24.260895083920545,0.5142247967846014,9,0,4,61,0
79.6966082590149,35.802498662107226,7,2,4,25,0
30.759549893180356,35.31230812776311,1,2,2,22,1
83.61253811227357,31.134477047489874,7,2,3,28,1
94.75786737022213,49.50544230434329,1,1,5,59,0
35.37953044944869,15.593971788186261,7,0,3,52,0
88.90128387732966,16.998593189662408,8,2,4,44,0
72.38342780809495,3.9469701473277774,9,0,5,58,0
84.6618047998347,22.139906827186874,3,4,1,61,1
116.90378947961841,13.052426311742405,4,0,1,55,0
52.638356519913884,17.169335108882212,4,2,5,36,0
37.38791506927531,41.72858951278138,9,0,3,65,0
33.3145671112343,46.77422567637478,7,3,3,49,1
35.52569145103685,9.286653600259282,3,5,1,63,0
57.686948717576875,18.625446577673294,5,3,1,45,0
70.23455924449931,46.4315281057697,7,3,4,53,1
68.30072397990057,3.0904230344611316,8,1,5,35,0
84.81549747108072,4.6180264055689255,1,2,3,27,0
60.39005675633721,8.139549460311468,2,1,4,49,0
103.6060223147195,29.760641706343737,7,0,3,35,0
52.06029500286132,7.523613550299873,2,1,1,29,0
141.60507499768858,48.40381907253668,7,1,5,68,0
78.77002043295019,22.335726362926017,9,0,2,25,0
34.285273307511524,25.07589801750832,2,3,5,50,0
27.873225058166632,12.332930790270325,7,0,2,63,0
74.47417245729557,23.548012621736675,4,1,4,55,0
53.29611644022447,33.095681631850574,2,3,2,31,0
81.42001482276277,37.55885684770214,7,2,2,19,0
74.19712873720634,37.69340413549565,5,0,4,26,0
57.81513262029382,28.894555634704417,1,3,5,61,1
34.59618845794785,45.217988749692864,5,0,4,22,0
14.554583259424064,40.87039236530547,3,2,1,51,0
46.60455143798937,37.852405734931274,7,2,1,36,0
85.69196382970418,2.780276084023031,6,2,2,24,0
66.42281232390611,0.3438981109824657,8,1,4,56,0
22.62783663864036,10.622363859773648,5,0,4,59,0
65.19542777553546,33.176179695672616,2,2,4,34,0
71.5595213918651,20.559874444127292,9,2,5,43,0
33.48427691396601,20.120312964965585,8,1,3,63,0
64.61175317836583,44.22934441148069,6,2,3,44,1
61.746261553379995,44.77814240659194,7,1,3,60,1
25.710891065081306,45.458763202679286,9,1,5,45,0
70.7336208104485,15.693903825751365,7,1,4,37,0
76.82353579104704,34.55279063696309,3,2,3,23,1
92.49153729525831,13.581659063718481,6,0,4,25,0
91.6140615610471,9.530491653722489,7,1,2,49,0
18.669918961287266,9.231622867368461,2,0,3,36,0
31.865248802546315,17.1053810431797,3,2,2,49,0
75.4510580162598,21.497880988991085,4,0,5,36,0
75.41357852736627,41.54745855275342,6,2,1,41,0
75.45143058918144,5.994554673635605,1,1,5,41,0
175.58194471964163,36.74629236974471,9,2,5,34,0
77.12671532079501,26.572745709465266,5,2,5,35,0
94.06696920541796,14.397267133799623,7,2,3,29,0
88.62005290479607,24.640979226641228,9,0,2,58,0
79.54173753917394,14.997103488851133,9,0,3,40,0
50.54192266078963,29.804097761915298,1,3,1,65,0
82.76907661479802,21.69219614276221,1,3,5,35,0
36.81524356387285,8.220276453943937,3,0,4,33,0
52.895441797799734,5.829153727784836,6,2,1,33,0
45.439093565126896,27.33478410360651,2,1,2,53,0
62.456224181589675,45.12065166430517,1,2,1,40,0
129.43975700020525,17.197884327884278,1,1,3,39,0
5.0,36.65000536113116,5,0,4,56,0
80.5878057112354,32.93306774698835,4,1,3,50,0
11.618523864310447,46.57774571547405,1,1,5,41,1
45.842044026317,41.049050864957046,4,0,5,37,0
92.66851790902098,28.330262945273148,3,0,1,50,0
61.928400572863886,32.85152491170537,2,0,5,48,0
27.66765666212082,44.919323329201745,9,1,5,57,0
38.540888722200954,19.97593922934674,1,1,2,25,0
80.38793246804028,16.339735292888868,7,0,2,27,0
38.0890010484859,0.540554181759817,4,1,3,18,0
66.49375768745925,41.32755370957321,5,2,3,38,1
61.367155197114414,40.04903502016825,5,1,2,42,0
40.451989571825486,5.222725905007569,1,0,1,49,0
124.31832267975977,28.842869056635013,6,1,2,63,0
79.01757066954033,23.199084908344368,9,1,3,63,0
5.0,5.9354547754555735,2,3,4,27,1
65.59362944308283,49.02841135303618,7,0,5,68,0
40.146406056948365,10.734794373167771,6,2,4,65,0
85.57300004388672,3.3617090045280573,5,1,4,26,0
36.224377847018985,29.74236897509548,4,2,5,37,0
56.55790675599303,36.943333856651634,4,0,2,65,1
75.14961836941372,1.6221723023593482,6,1,1,37,0
85.97265582510364,32.93588193635111,4,1,4,57,0
23.991107788326715,26.614593797572724,5,1,1,24,0
49.96496292477155,5.163250443752421,6,2,3,28,0
45.751640665171315,8.626193847318103,5,0,4,38,0
40.40012302278865,28.398714865804024,7,2,3,55,0
112.96362720843291,14.81788067566442,9,1,2,64,0
72.14945132882866,46.9157864325658,7,0,4,36,0
22.173481369948647,40.93701147420254,7,2,3,63,0
87.53585841164329,49.17836032568315,4,1,3,32,1
123.664685910379,12.983541947520699,1,1,2,23,0
90.97395781653441,48.48618163989885,8,1,1,27,0
14.418901021379597,21.561693489577895,4,0,1,63,0
45.47297781401246,17.375939765687733,1,2,4,33,0
98.00733447559868,2.517476348467662,5,1,2,62,0
38.76991603143658,2.638262892980131,8,1,4,28,0
73.31458284438685,34.600562797332735,4,0,1,52,0
83.2390216028801,22.896449721701394,8,1,2,25,0
32.19208585265751,11.326081301805285,8,1,5,45,1
58.214239318146,30.69851531626163,3,0,2,20,0
5.0,12.642905912505558,9,1,2,19,0
29.268370759971305,28.88158771722113,3,1,5,31,0
52.422955458205195,17.960437349134516,1,0,3,69,0
22.566504541054513,41.17761133059095,2,1,3,46,1
108.97233911794905,41.034808038338966,6,0,3,64,0
17.095758661181023,23.867519906120066,2,0,1,20,0
46.79866539909049,17.54095546675078,6,1,2,18,0
63.92221731858274,18.12798982795473,1,1,5,32,0
103.23819867198347,40.285726283410895,1,1,1,37,0
16.924135464616818,16.4089741398806,5,2,5,39,0
94.89491256464879,10.4529686853423,9,0,1,51,0
60.30699183058761,4.234417093765341,8,0,1,67,0
30.554740468561473,23.33465604422042,3,1,1,50,0
73.86310422789812,24.106604945992093,3,0,5,26,0
65.9717908672041,42.04543552014536,1,4,4,20,0
41.99349368523616,11.061934822303199,3,0,1,19,0
62.09406254970057,19.049563683419997,1,0,3,21,0
48.44059209414719,40.42028694468455,8,1,2,33,0
63.40552035753744,41.181180537448675,1,1,4,50,0
79.8639202356314,19.23055379893841,5,1,4,26,0
107.58050448436056,22.956201164334043,9,0,5,57,0
22.865535035194526,15.164294542464146,7,0,4,55,0
123.99100123968799,46.6277439209656,4,1,5,69,0
5.0,5.932188287079016,9,0,5,35,0
55.4464471489325,46.6874711500735,9,0,3,33,0
77.6495161945373,34.19332259176716,2,3,1,25,0
68.42975603205097,26.57860763433656,6,1,4,40,0
41.31901440538219,1.6329530392247937,4,1,1,53,0
53.756332489281746,23.779809591100413,8,1,1,20,0
45.209971960235016,20.387405250136613,7,1,1,32,0
42.31905729167366,8.060940598756128,7,0,5,55,0
85.48806291063073,32.82048017503285,9,0,1,50,0
70.71046457895142,48.55754536841429,5,0,4,35,1
39.21271214218037,28.109440553226257,6,2,5,40,0
86.98799626299751,35.73766382219729,1,0,4,60,0
69.21898562629828,3.422522628300839,6,0,5,20,0
84.3858635651688,20.883349790849735,2,0,2,47,0
78.88886525770837,5.817924258224794,6,0,2,62,0
35.130149672337836,30.63979177682552,9,1,2,34,0
43.19456879409091,46.92410791070773,8,0,2,67,0
82.41880815369785,33.08888662358193,9,1,5,49,1
78.31110796300395,3.8401524157210765,8,2,1,63,0
59.372952181075554,17.733310249254142,3,1,3,24,0
63.51982149926346,27.533168972042578,8,1,3,56,0
98.32994687365274,20.160387806662612,6,0,2,31,0
42.2528583349251,41.68220052375862,6,1,1,32,0
76.41292143510114,40.73355023549946,6,3,4,61,1
53.93422042698318,30.591551005161072,3,1,1,29,0
53.46956390318339,18.672897256635263,1,2,4,25,0
92.9633055596157,12.766818688162207,4,2,3,33,0
84.7624904696409,5.2937159106564655,6,1,1,58,0
84.40528908001916,17.7448841743277,2,0,1,51,0
99.16436421462987,20.658625860385975,7,0,3,63,0
60.63011524898277,33.79114625520368,7,1,1,41,0
80.45858913884892,32.90799121487867,4,1,4,46,0
50.69199730219632,3.5054069820628477,4,0,1,33,0
69.72499057465326,19.762965771557887,1,0,4,22,0
56.09570836896946,9.088943360868097,2,2,2,22,0
62.90987894978154,7.840635265840285,9,0,1,69,0
77.8547107631074,41.36510748686229,8,0,4,47,0
35.45337950299582,2.0957608358128765,8,1,3,67,0
122.7716182705638,20.959143795106066,9,1,2,67,1
29.819478555008942,8.41018278832591,7,2,1,22,0
23.574341616368038,43.9665107839237,9,0,4,60,0
94.74332620500203,27.852025663751757,2,2,1,30,0
83.74988081888807,11.5690318188424,6,1,4,52,0
78.72359451156466,25.12136435831882,3,0,1,66,0
78.8503652779284,36.574317985155794,6,0,2,42,0
59.63259681459256,47.90590044597169,3,3,2,67,1
33.08236885542505,11.022300212270947,8,1,1,31,0
62.27413674581179,44.309088606467256,4,1,1,61,1
39.68514865463665,46.71520570837451,6,0,5,63,1
89.25359200253254,45.82102722660331,9,0,1,43,0
55.58827855493584,31.770717843095493,2,2,1,35,0
35.235084096224654,31.491032721735383,2,3,2,37,0
50.358424750410194,20.16053165919114,7,0,1,51,0
72.38794362826873,37.619894115189396,2,0,3,24,1
43.08826341588076,26.564700917546595,2,2,1,64,0
35.333388133007055,33.871903561414726,4,2,5,27,0
67.31061634475736,21.42289519243977,9,2,4,32,0
67.34899713326169,36.574823202156956,8,0,2,34,0
44.79170473886611,41.22357588022745,2,4,3,28,1
45.86885083145032,7.321812830140805,8,1,4,51,0
66.96149812072909,41.6464857787114,4,4,3,44,1
16.557469755080277,27.014826589515362,2,0,2,38,0
17.776086768703344,42.233295454511214,7,1,5,48,0
38.44667336242692,21.56508531705073,6,1,2,67,0
53.59658544864458,18.952024269151753,5,3,3,21,0
69.32722696794013,45.75303662586112,1,1,3,58,0
104.26068650848656,12.558463377420065,2,3,2,66,0
85.72978869606058,42.210616264307156,8,3,1,34,1
55.20184410109719,24.201028625470205,1,0,2,66,0
59.429513762919335,25.704772127562986,3,2,5,65,0
29.924119060865735,15.4234140744742,2,1,2,37,0
59.444605920228305,28.652110030950784,5,0,4,42,0
51.34024083239585,16.260559813810566,4,1,1,57,0
69.68155681014268,1.9634707120826156,7,1,4,40,0
35.18307169343031,13.599930267217802,5,2,2,32,0
75.58039542723517,0.31895217032953393,8,1,1,50,0
105.98216739007734,48.91773935284283,4,0,4,36,1
56.737195546294274,48.287360490987375,6,2,4,32,0
72.05135166296824,19.75776487361525,4,1,1,58,0
80.70431975133337,36.4185427169823,2,0,1,22,1
47.963385843424916,17.290304920521248,1,1,3,33,0
66.7227744543125,33.5546578542988,1,2,1,62,1
60.37777202345384,40.27150215229896,8,0,2,65,1
62.93028295646495,47.33781223461204,4,0,5,49,0
36.809706484336004,20.0106137924836,5,0,3,39,0
60.73530522776828,39.16489914780239,8,0,1,60,1
74.9399487373635,13.29642253160594,7,1,5,49,0
103.53430823385125,49.51661518968242,8,1,3,30,0
88.7781247825562,1.2884799382175571,8,2,2,55,0
124.5954737253467,30.17644032505605,6,1,5,43,0
36.97957311335851,32.97529908256636,2,0,1,69,0
86.16961910162034,34.402277853706444,6,3,1,34,1
65.50026017215055,6.019378939454451,1,4,2,22,1
125.69408799653017,46.92648917365652,1,0,3,66,0
35.75105143934546,9.05916395250414,3,1,5,50,0
34.80834473457672,31.137670161992055,3,0,2,44,0
42.01822063667933,11.133803956154248,5,1,3,22,0
5.0,15.360820851063545,1,1,4,54,0
44.22734934957717,27.322927086406217,6,2,4,24,0
37.22602015338906,20.859670928228823,7,2,3,65,0
64.51181359428622,8.011280048825315,3,0,1,35,0
70.25267927331478,8.546820121042414,4,1,1,48,0
116.28512517647658,20.907239408139983,3,1,4,23,0
88.51271514558151,37.86414891377504,1,1,1,19,0
42.69289033012791,44.89823234238943,8,1,1,30,0
33.04755985954926,4.206383112969142,2,2,3,59,0
74.75757514519518,19.655195377970053,1,2,3,69,0
20.393003789380735,5.012278186143831,8,2,1,28,0
114.94376297563062,0.8296240316298942,7,2,3,43,0
95.38320362163861,33.08593413219783,7,1,5,38,0
45.92473043685885,30.12247209832939,4,4,4,19,1
8.605964127273673,8.150955690744311,9,3,5,57,1
100.61617122496239,11.690641654653206,6,0,5,68,1
56.563804642421466,1.185387682225919,2,0,1,37,0
97.13448935920385,41.74736028472019,1,2,1,34,0
12.167170236168985,48.73452980242757,1,3,5,33,0
42.01874931138681,6.7729768397345405,9,1,5,59,0
60.15731099154549,11.573760688264906,4,1,2,22,0
61.40941781294226,43.4204761973467,5,2,2,31,0
46.49803585562269,46.32318989780924,3,0,4,41,0
78.68549797042496,20.981369140340515,4,2,5,68,0
27.971387118522166,2.5311236134537065,8,0,3,21,0
55.72861544936119,1.96959168464097,4,0,2,69,0
63.60886895135697,28.69749330345052,9,1,1,65,0
75.43316502176248,19.64475544465895,9,1,5,41,0
81.34844634266669,1.4326213788827258,6,1,3,64,0
26.260737244863925,29.16261961562784,2,0,3,26,0
13.976574877931334,0.5651268294511236,7,2,3,20,0
98.33030465695526,39.368597907463645,9,0,1,26,1
69.96942035938775,15.321641135168578,6,0,2,35,0
37.545403903303395,2.012900150461605,3,2,3,53,0
106.53455926567568,29.417611049157667,7,3,2,36,0
63.47023902878576,19.884220721652735,5,1,4,41,0
95.37891552191479,48.690020667857475,1,0,1,21,0
62.02555444230327,27.20993312518511,3,3,2,26,0
121.82243774645961,13.761959051850415,5,1,2,50,0
112.66022527329613,35.47194323169874,7,0,3,18,0
52.53107554562779,13.574600127135566,3,1,3,69,0
89.14712852863066,45.212164570378256,6,0,1,68,0
79.36127848755443,18.73609852536882,5,1,2,52,0
101.05894672597046,27.49342813881026,1,0,5,27,0
31.052296182596866,2.5286551912114428,6,0,3,29,0
80.58154379995318,21.30606189761154,8,2,3,35,0
91.75273460548763,41.61817698304975,1,1,4,31,0
7.23781540730657,40.28244026816709,2,3,1,27,1
24.502244620026744,11.215927942676313,4,4,2,27,1
5.0,11.303953550528135,2,1,2,35,0
51.917794966663266,40.86526561066184,9,0,2,41,0
81.52626767387886,46.51992100846628,8,3,3,18,1
105.07071156288085,4.768046063650178,8,0,1,47,0
62.22284341259326,22.502931971311263,4,1,2,32,0
108.85846636713876,16.872713948211448,5,0,5,25,0
18.59695625355326,43.53442277287197,4,3,4,52,0
8.898526819345363,4.176245734000938,9,3,4,35,1
58.33356903310143,10.556297127901871,2,1,2,58,0
71.52196346817922,37.623416879324715,8,0,3,33,0
59.01915755717721,2.564692449060779,2,3,4,38,0
5.0,24.626769035714464,1,3,4,32,0
57.32639881461635,22.105351733986,3,0,4,22,0
20.865914984854406,16.720058949437433,9,1,4,62,0
80.09017646490116,19.728615765946188,3,3,2,69,1
70.99794738290545,26.497029346511646,9,1,1,24,0
31.80360641017934,8.068367919419156,7,0,1,65,0
44.583992479899194,28.59979391417964,1,0,3,24,0
28.223594343331452,40.27161646499932,5,1,5,44,0
58.11962708180484,38.008046489507954,9,2,1,42,1
88.65426961503715,7.694995234688684,3,0,5,39,0
30.428218609933687,7.462473487073695,9,1,1,65,0
75.12139546553533,13.408718387245667,5,3,1,30,0
44.09227144882678,18.05373631705186,9,2,3,34,0
36.21381503212967,20.42277907042413,6,1,4,58,0
56.78908920136327,33.98486084166726,9,0,3,61,0
28.94273032741878,2.83402160829177,7,0,1,30,0
43.39052083958454,1.7336352113033193,7,1,4,43,0
24.063663222334547,19.595528147195452,8,0,4,26,0
118.94175398749168,34.85818460689902,7,5,4,22,1
61.05790655915186,9.671767147824129,9,0,5,56,0
39.008234760222436,32.07522406281259,9,2,1,50,0
66.41939732202665,12.991406897014974,6,1,2,21,0
56.630158509275105,44.30430544067582,7,3,3,45,0
53.37091201400331,44.78449721333082,2,2,5,43,1
78.42500100130276,14.864360214066325,9,0,3,21,0
82.72523130141916,11.499687698162026,1,0,2,33,0
44.08496557168418,20.565198603311565,1,2,4,54,0
42.725452780659595,12.026579259007436,3,0,2,39,0
51.74844908545068,33.61919216458518,6,3,3,53,0
5.0,41.30323422741428,5,1,2,55,1
14.544268134043435,33.65460654556085,2,2,1,52,0
101.00622802333574,41.21752236246748,9,2,2,42,0
109.34903140503852,19.84960811037371,4,1,1,25,0
52.52891881330865,7.815848535443043,4,4,2,34,1
77.29670889167299,36.89754736987961,5,2,1,35,0
69.33750463630608,18.023725257077693,8,2,1,67,0
152.36642425365713,33.56354126145663,4,0,2,29,1
93.5872473430373,13.532197099088282,5,1,5,50,0
56.162472255577,4.061481740333633,4,0,4,40,0
31.33378678198723,49.62908977438817,6,1,4,29,0
11.806610392272823,7.810075396529964,3,2,4,28,0
66.10390907601669,49.42104969817405,8,2,1,30,0
37.3094776414709,48.86399662832236,6,2,4,52,0
17.332388712069772,39.69090519540198,5,5,1,44,0
40.60281347272421,32.97114810409988,2,1,5,42,1
27.55355989156815,28.890352512554234,7,1,2,57,0
110.61424905217694,43.305077268891736,2,1,2,20,0
86.44919270848351,14.471976080974397,1,1,1,66,0
59.76082076050148,23.38406062424385,7,4,1,42,0
104.39832416670077,30.969498468325096,5,1,5,62,1
62.321049229428546,20.559523793474554,1,1,4,27,0
34.161473960152094,21.3743227045134,4,0,5,34,0
105.69372231808973,16.51423337510422,4,2,2,20,0
76.16730131053976,28.2115908342268,7,2,2,62,0
28.88261537020631,42.5287264007558,9,2,4,39,1
54.289839657491754,10.076418900315643,2,0,2,55,0
33.731452398457286,46.72165193767207,1,2,1,31,0
18.51600807106992,34.45438268741148,2,2,2,44,0
87.78532642594925,41.16366063400151,7,2,3,59,1
117.28249921410392,27.809534631500583,6,2,4,37,0
18.04297278542576,38.97583507120317,4,3,4,65,1
76.88907710071713,0.8100198669733605,1,2,4,35,0
40.480722926345194,40.91902123897676,1,3,3,30,1
45.38623848705912,2.006942954268326,5,0,5,59,0
42.228182272833926,44.49566881814312,1,1,1,23,0
34.080276909605516,49.59813736193217,7,1,4,27,0
61.45564883834481,14.70337310883889,1,4,2,54,0
35.07149650766887,10.515927814289682,1,0,1,46,0
68.11370477339517,38.26816819290204,2,0,2,23,0
58.49285671652589,12.651317046012661,3,1,1,56,0
52.83155859400771,43.278119158610174,1,1,1,28,1
32.77309013875207,5.142129607873835,9,0,2,65,0
42.69686008295002,6.297759818967913,8,3,2,42,0
82.66173677477268,48.957577755030776,5,1,1,61,0
75.02751562873142,33.69194491350023,2,1,4,61,0
30.67334265604347,42.34436122144764,5,3,2,47,0
62.97996916287678,16.2164688675759,6,0,3,37,0
82.54161370115366,33.82418747603022,1,1,3,54,1
9.917841566358845,29.71209136542986,4,0,1,33,0
76.30080577139805,30.15750600614735,9,1,5,48,1
40.1212872316246,34.126622976886075,2,4,1,46,1
77.11796005779478,28.76795865645493,5,1,1,23,0
37.102225303724495,21.453118465133297,1,1,4,46,0
5.853536980064426,13.796134719027343,4,3,4,49,0
11.173726863505124,38.4290665456601,4,0,5,26,0
61.442548399841456,11.31362150015931,6,2,5,54,0
67.79167505164446,34.61771530772071,9,0,5,40,0
32.87050124686775,11.666641132466331,3,5,5,33,1
79.15777376332122,31.266508497722693,9,0,5,35,0
10.154398131931202,37.35391335645144,6,1,1,36,1
58.0176060405805,10.93569444532696,7,2,1,61,0
23.669514007126303,2.997165043065414,2,0,3,19,0
40.444916765935226,6.548687149708704,6,1,3,27,0
61.42196013949242,30.299848363551273,6,1,2,29,0
34.18759904148143,42.47232031128678,2,2,1,63,0
48.46333367310524,2.2498410617712183,2,1,5,35,0
90.18878427643321,36.70756295208231,2,0,2,36,0
42.69324391430554,17.065932297502606,1,1,4,55,0
85.07076336195425,23.926418495976126,5,1,1,54,0
26.10879436027146,46.44297749227828,8,3,3,44,1
75.89412533745849,16.598575236792275,2,1,1,65,0
103.247058619737,23.2668466969743,5,2,1,31,0
5.0,0.6841207380340553,8,1,1,62,0
36.093142335885695,4.0799360002419185,5,1,1,51,0
77.3121638154162,12.929579556739201,2,2,4,19,0
53.90863841871022,1.3926120410537202,3,1,3,61,0
71.13437620113926,31.56876630241255,6,0,1,50,0
41.880444398525384,21.319917840081125,5,0,4,36,0
62.597693624186995,27.407260136401103,4,1,2,44,0
55.32968293823762,8.732359294816478,4,4,1,65,0
95.03346184979422,14.796601471830806,5,3,4,47,0
67.63262529903639,33.191223742636254,2,1,5,24,0
70.12807986225607,48.26513618151999,9,1,2,44,1
47.64369101632598,2.52083868011046,2,1,3,38,0
45.3718132778252,44.519216042763304,2,0,1,24,0
47.023254365411375,28.844060065560424,9,0,1,65,0
71.8335642713489,28.195978337781185,3,1,4,42,0
47.37046557539211,25.013926760388017,7,2,3,55,0
68.69324570689238,3.4697042952091692,4,1,5,35,0
122.26202395936316,4.493842586808033,6,1,2,50,0
86.13374110295078,30.045600282954304,4,2,3,50,0
50.21929403496477,17.047928571777916,7,0,1,49,0
96.03641766491835,45.86340332888403,1,4,4,42,0
47.757738809353455,20.329526867973613,3,0,5,31,0
5.0,7.1640729351320545,3,1,4,55,0
29.757410672477878,35.7359416751018,1,1,2,55,0
5.0,14.667671072050492,6,0,3,21,0
49.45459547876074,26.27351536779466,9,1,4,61,0
60.55255137568655,34.8916392752585,8,0,4,35,0
110.29311936825849,45.01320556010352,7,3,1,27,1
69.80782121292488,39.6095597400838,8,1,4,52,0
53.426984135734074,33.818053393636205,6,1,5,52,0
84.88216743550467,33.98165911975718,9,2,3,57,0
5.0,47.296232201604326,3,0,2,40,0
67.06843674325698,14.791204874826802,9,0,4,42,0
83.12595581660901,0.05560470980937038,4,1,5,18,0
15.642412626604752,13.597727969909934,7,3,2,35,0
94.31262129620788,10.8945689813372,9,1,5,32,0
70.15489222483242,33.09172925569991,2,1,4,42,0
47.541362582975964,31.68557998827645,2,0,4,49,0
78.98345598318855,29.67306913523619,9,1,3,37,0
128.12078573413186,0.812172160472685,3,0,1,34,0
65.45598765175485,36.438902722532376,9,0,5,28,0
67.44661758901009,16.176520624274577,5,0,1,30,0
46.21917301379268,33.25279945033156,6,1,1,42,0
34.50466891605625,27.828921425107666,2,0,2,37,0
84.91007449632737,17.13654627139536,8,2,2,42,0
34.31748522273398,6.7288133552053875,9,3,5,59,0
62.146987116581776,4.720944883024048,2,0,1,62,0
45.670276597046495,41.57591665561118,6,2,3,66,1
74.36939477239176,45.9198771040779,6,3,1,48,1
70.00986315860845,32.48940233821498,8,2,2,18,0
91.12619832773697,5.171705743024169,5,2,1,69,0
44.69950803435759,20.101360844412035,9,4,4,33,0
51.90375194119886,36.446960005257864,1,0,4,65,1
30.63708852653078,38.9910442005034,9,1,3,45,0
46.67120219771665,5.91093111455443,7,0,5,38,0
71.31901479134557,0.0015359422691207936,4,0,1,47,0
82.70965849936056,35.60685229403025,3,3,4,20,0
32.335040274671236,17.829808799310282,6,2,5,51,0
86.08817760316981,12.724066580913012,1,1,4,23,0
100.66913576414854,0.644873489476272,3,2,5,60,0
72.40304709671102,27.014970338074985,2,1,5,46,0
116.30387437674199,42.557536771299084,9,1,4,20,1
36.786324026892814,47.881582313629394,3,0,2,50,0
22.660358900657492,28.287247530664462,2,1,5,28,1
6.6383925328716415,25.72306638699471,4,1,1,62,0
104.88132934467549,4.252819274462055,2,2,4,22,0
79.63096969062173,27.443640077129988,1,1,2,67,0
58.33245987268635,18.99895394826973,6,2,4,49,0
68.3990587895946,30.356764044178846,8,4,3,64,0
26.235328581048705,19.436317393827334,2,1,1,35,0
133.37255938850478,12.014956172518337,9,0,3,64,0
63.876635459256825,4.748263761418825,3,0,5,37,0
63.281843838146784,15.745922229444787,8,1,5,69,0
81.77299871696076,4.832241714387614,8,2,3,69,1
74.4302769521014,8.844847541199197,3,2,3,56,0
66.71652072837394,49.366807928977295,3,1,5,66,0
36.28576633664064,22.20517784533093,6,3,2,57,0
74.14405071407987,26.593588325250828,1,0,1,45,0
116.460734894251,43.680926436860766,4,1,4,30,0
100.36260138464934,49.77844502453439,1,2,3,43,0
107.7955987991819,29.135722467234075,3,3,1,33,0
44.66352970706444,40.623691052208585,9,2,4,42,0
30.311855392242574,16.347051216833762,5,2,4,27,0
56.22639239701056,15.287197872364555,5,3,3,46,0
61.67174736866084,20.13518604972801,4,3,2,63,0
92.82574555412845,33.625363133682455,3,0,2,55,0
9.22606110855542,34.10958446275494,5,2,1,37,1
105.88650958381841,15.76197173247254,4,1,1,43,0
55.25976304263032,6.660496206831434,8,1,5,49,0
47.193567901577396,31.619812823275428,4,0,2,56,0
29.636868742194974,6.416293109438226,8,0,1,55,0
10.354299844026919,28.924625411466504,6,1,5,66,0
84.69511751885744,34.67110640281545,5,0,4,41,0
62.199539015652114,35.03057481972258,4,1,1,48,0
21.301173007768384,37.673605532979835,4,2,5,57,0
21.147636838091515,43.642971078283225,4,1,2,29,1
49.926459021296154,24.997949598239423,9,2,4,53,0
110.07064575868179,36.51245947647856,4,0,1,27,1
52.212259459091854,30.958636768291836,9,3,2,23,0
14.905711406456817,9.331996989884129,6,1,4,24,0
52.62770807742167,1.2844822434704084,7,1,3,48,0
51.818292907569884,14.227069283846689,3,1,2,44,0
5.0,22.15168531688097,8,1,3,25,0
58.37115400446564,30.855297221432814,3,0,1,20,1
53.07196409373966,42.497966525160265,1,3,5,57,1
80.88619094440256,9.812285835308282,5,1,1,64,0
115.46868284836036,6.277489494923855,2,5,2,38,1
93.79695088643273,48.173997373716375,6,0,3,18,1
51.93333928335508,5.402227968820355,9,1,3,62,0
26.80422273774989,23.92455350535946,1,0,4,67,0
137.20079409749582,29.278186439665095,4,0,1,32,0
61.77655302043465,27.068721045371912,1,2,1,24,0
60.41787875738839,4.3016078516471605,1,3,2,32,0
59.2762473866999,2.8513457001809686,8,2,3,42,0
65.94254282303565,5.274171373051784,2,1,2,20,0
55.66918764228173,29.279384193630626,1,1,2,47,0
42.790139793592914,27.217244381716053,8,1,3,31,1
43.59423176278824,11.687039601837213,4,1,2,69,0
59.017401893520045,31.888707092279578,3,2,3,21,0
43.69725686598705,41.00337510278247,4,0,2,53,1
38.61462651968507,2.078947992329688,5,2,5,20,0
63.192906830756904,24.90649717740212,1,0,2,22,0
52.35068347737434,34.465520605134515,1,1,2,42,0
105.11978965748065,12.615596353484355,3,2,5,48,0
5.0,15.388545264657456,6,1,1,28,0
92.74520555767386,30.68189514946919,1,1,3,25,0
97.38255577492887,44.89676467218685,2,1,4,43,0
5.0,40.49622101514497,7,0,5,19,0
49.719372177589534,29.156510954979176,1,2,1,45,0
48.85677402012625,36.51108588786246,7,2,2,65,0
17.774649158465365,18.241123510389933,4,1,1,27,0
36.66549937227374,32.04827640493789,6,1,5,67,0
26.682724636025135,23.30907955637785,8,2,2,56,0
112.56811330270868,9.496806822878046,9,1,1,54,0
88.07035179442383,35.08691369386286,6,2,4,56,0
98.14665284982476,27.823231867441102,9,0,3,38,0
81.65016192129706,17.93107909767957,4,3,3,45,1
26.12844686348312,45.566959503931535,6,0,5,55,0
44.26439201160679,1.0467058913366634,8,0,2,50,0
74.68123683683754,15.7886575624748,9,1,2,28,0
23.336165733241636,2.844069888882328,3,0,3,62,0
81.38995290517164,38.32636581108136,2,2,1,61,0
52.79023805525595,35.10537270568963,6,2,2,18,0
48.75537577351207,16.567610936815854,4,0,4,64,0
81.32879904610475,33.78314511035365,1,1,4,50,0
73.3278993445812,19.796861309797492,8,2,2,20,0
49.1710150254276,37.812689571121716,9,5,2,43,1
94.77989410092744,22.709183136835303,9,1,3,32,1
27.568100172003078,20.61398639158328,2,0,5,58,1
78.47806820832791,46.73649577441505,9,3,3,31,1
77.79303773905151,12.543954994535012,7,0,5,40,0
50.713606820580296,6.022366999828272,5,0,4,25,0
69.78399066726354,29.22715566297291,7,0,5,53,0
22.466592708440913,48.466090614208944,9,2,3,37,0
87.72081057620703,18.891960686359333,8,0,2,69,0
54.45293590671033,3.101838181439076,6,1,5,23,0
44.318309384428815,16.96526336547837,4,1,3,50,0
91.47027677510668,25.296582715977923,1,0,4,45,0
38.86968928371722,8.096150331610685,6,0,5,67,0
17.746161109093208,32.9051109028246,3,0,4,55,0
13.301124794282885,49.88746945051003,6,1,4,47,0
78.1802985403692,22.58697379907219,6,1,1,63,0
21.58711942511151,17.736427836510632,4,0,5,60,0
112.64382545953094,20.035208341723333,2,0,3,34,0
5.0,5.757308919760057,9,3,5,26,0
110.89369104870114,44.16368007131119,2,0,5,45,0
66.33052401607856,20.7412827760676,3,0,4,24,0
57.09860664388823,19.363720571242066,1,1,4,63,0
43.65242739573151,32.984513646523716,7,2,4,45,1
71.97408343056213,22.101671046556177,1,2,4,34,0
58.87095892725455,32.4116734403923,9,3,3,57,1
93.09905646049565,3.0723145065393753,1,0,2,65,0
63.42682945986119,40.68616718611137,5,1,1,61,1
64.50905284385632,47.02519764397013,7,1,4,61,0
49.09163363358432,32.4382693079693,3,3,4,22,1
58.291631288367974,47.72829644294054,9,0,1,22,0
69.23405306676177,7.5716157184981645,8,3,4,31,1
8.694948220301235,23.870809474017683,3,2,2,23,0
19.554437336828613,30.090336697272363,5,2,5,24,0
82.29792282068145,29.086832371059334,7,0,1,34,0
65.12596314383825,20.07308895445216,4,1,3,26,0
54.48049990941963,16.90422046831307,5,4,1,48,0
60.553017991961795,6.34120112752094,3,0,2,39,0
70.42745116085013,19.58712252811391,9,1,3,62,0
43.807209590719154,8.133040755274257,9,2,5,26,1
36.65085823793062,36.71828382461092,7,1,4,33,0
65.87535765293045,10.441546774729499,2,1,1,53,0
30.64881667154904,2.9282652642266926,7,3,3,51,0
72.24758267143416,27.618306890861717,7,0,1,62,0
8.92249187286479,29.76148663597008,5,3,5,30,0
90.87466911976931,43.59565306402528,9,1,1,36,1
74.17792447239128,28.849080620884095,3,2,3,29,0
67.68089202941627,17.274042686172287,4,1,2,53,0
89.48072951836542,40.150594076316025,1,1,3,27,1
109.9642333338773,27.013944659371052,6,4,1,33,0
90.4311019505439,3.964014231559587,4,0,5,45,0
5.0,28.292528015662334,1,1,4,36,0
21.61269099792895,45.40092727108312,2,2,4,57,1
41.255442669129636,19.815631274911027,3,0,5,23,0
60.782731506325014,14.816290094990004,9,1,1,21,0
75.5297706140737,7.173472850901002,8,1,5,47,0
38.22768560539603,7.572276096767866,7,1,1,56,0
65.60300293431234,21.638574217090945,4,1,3,48,0
37.33851202940032,29.783991208076475,1,0,2,63,0
41.654465910241555,4.0307702584800875,8,1,1,44,0
17.80016709455333,46.978429451258286,4,0,4,62,1
32.30300261667287,37.75668087225979,3,0,4,38,1
19.449461831509993,29.331195914183134,9,3,2,54,1
30.72380241068002,41.42193354694954,4,1,1,26,0
91.60925389823518,4.009337840605665,4,1,2,52,0
31.51803333504171,23.84194388665622,9,1,3,59,0
138.97146194512172,31.50465634308317,2,0,2,64,0
74.79953702642668,41.43264530591446,5,0,3,69,0
65.54508371084621,39.17347800246338,4,0,4,38,0
34.24926659456359,13.853462485669981,9,1,3,34,0
81.00929638226974,47.04400847796021,5,1,1,41,0
42.73086521286678,6.217292071543517,9,0,1,48,0
63.66029443936084,43.75668093105761,9,2,1,23,0
136.80253614806384,48.547012480230926,2,2,1,52,0
57.1182030082605,8.857676161131279,9,1,5,67,0
94.47819978857027,36.10330321018927,3,2,3,54,1
38.90470724622338,2.014275938899923,4,2,1,30,0
58.950345285091146,20.271141256957748,1,0,2,42,0
113.1240190690653,25.8141649598837,1,1,2,49,0
41.19098826636698,29.032261295481703,1,1,5,18,0
114.37345673990785,46.79686241242798,9,1,3,66,1
81.23255806366427,33.61253436470973,8,2,3,52,1
43.12599672317197,24.06389756096185,5,3,3,36,0
78.97223217166562,40.48375181329447,5,1,5,69,0
89.1766334888019,47.526641047720446,9,1,3,29,1
78.65429886651589,1.1033074341145421,3,3,3,57,1
12.89325840328631,49.126063612801936,3,0,1,57,0
38.18588472525394,4.3066069531840165,7,3,3,64,0
52.57444093345486,40.71933896343807,9,0,1,60,0
57.76699712699861,14.016737627570624,6,1,1,37,0
78.62016292652034,6.608982887693587,2,1,3,50,0
65.33103002799761,21.992781985691746,1,1,2,46,0
19.939669238696965,32.19782897238068,2,1,4,33,1
71.4059355301789,19.04759225117375,1,1,2,31,0
78.3175723585147,2.728270414134948,9,1,3,24,0
76.79371343793119,29.97305698293583,8,4,3,23,0
92.42342176663865,45.120163805533736,7,0,2,38,0
85.01766463646712,19.160768297362583,3,1,3,53,0
73.7754023768531,10.816638881541351,8,0,1,39,0
57.89502865624059,22.12886729664077,2,1,5,57,0
10.171171994520257,2.4181355524390433,2,2,3,36,0
72.88854657397758,41.02437922401374,3,2,3,42,0
66.23063061489333,41.317040547509336,7,1,2,20,0
68.1473651158612,29.400023171481422,1,1,1,53,0
21.69754272539072,17.655144446919476,8,0,2,62,0
27.56830378775213,39.989168222289166,7,1,2,51,0
91.59458559998711,27.73435123941836,4,4,3,28,0
58.81334538430035,41.29661542750081,5,1,1,65,0
80.44502092117872,31.57293962915103,1,1,3,59,1
60.84955128391383,39.22027366063986,4,0,3,64,1
60.89268418487236,29.928149660888,1,1,3,44,0
88.14851417927993,20.70705341078331,1,0,3,59,0
44.51865815347878,47.89729299630688,1,1,5,19,1
62.8836233082295,27.05569124394224,7,0,4,23,0
46.13174133884873,30.25447592702692,7,2,1,63,0
46.96511317703053,11.024381970737462,4,3,5,19,0
50.72483629594082,31.282539471363823,2,1,4,59,1
66.66401314901138,28.580382474147193,3,1,4,34,0
45.63754135009568,9.241919897351247,8,1,4,57,0
97.67268376720563,2.979354867657186,8,1,5,65,0
33.16178093341488,30.217965985738555,6,1,1,31,0
54.39385067515923,38.18461346751603,9,0,2,27,1
46.808068251774756,26.17006854610041,9,0,4,62,0
103.409336530612,11.338631265982285,4,2,2,50,0
65.89664329534725,33.326098834651745,1,0,2,59,1
90.95533618405905,4.0052863304801125,1,1,3,29,0
15.43318880889084,22.091685240097732,5,0,2,49,0
68.01150797607777,8.16833791992101,2,0,3,66,0
86.68892386870311,9.222952552994169,6,0,1,41,0
62.46851967826272,10.114697457910182,7,0,1,31,0
91.96441125196054,19.335352852198895,1,0,3,22,0
44.481346496988834,2.5575102810198813,6,2,1,68,0
102.28042320556739,19.88967204645491,8,1,4,22,0
128.9669437085775,25.585372355735043,5,1,1,64,0
49.114843186810226,24.164714248316262,7,1,3,49,0
46.63492435797684,19.139205020152026,6,1,4,62,0
103.60153431353103,41.957330403537625,4,2,2,66,1
107.38716437192137,7.266334621025205,7,2,2,50,0
44.314199185401954,25.2848371890687,9,0,2,63,0
47.394395487124285,3.102070847827715,7,1,3,21,0
51.54646173418478,3.5577839438954872,5,1,2,47,0
19.66648466897169,28.693292483854815,7,3,1,58,0
32.44044160547405,28.30092124439105,3,0,2,34,0
29.875776997437963,43.90167564222285,2,1,5,20,1
36.96607304687615,27.89368378300366,5,3,5,30,0
58.95945337839657,47.98955102024251,4,0,2,61,0
67.02644197609563,2.434742419996488,5,1,2,65,0
106.5150147844223,4.900384239037053,8,1,5,53,0
30.04937877783627,2.20329307851907,4,1,2,35,0
89.52967195429751,9.263842516677002,9,1,4,40,0
53.58033467323473,27.063505547083906,7,1,5,52,0
58.51608871042701,32.2786090713714,7,1,3,66,1
80.24458476499811,2.27925789743344,8,1,5,50,0
26.318339353131044,47.298544492279966,6,1,1,68,0
71.47229238552151,42.10826883251905,8,1,4,53,0
64.99356624639168,14.830624107854657,3,0,3,34,0
74.77353792024448,3.859376511323398,1,1,2,56,0
68.67505931723454,8.494353660952864,6,0,1,51,0
133.65900419732682,6.347220687748633,1,3,1,29,0
40.86780047246052,6.164188964947343,9,0,4,22,0
44.07009134994547,25.928084433286696,2,1,3,65,0
41.30578420725707,12.292372124670015,2,1,1,57,0
43.335686425192364,17.906985826457223,7,3,3,44,1
40.87838618080447,49.475266669216126,2,1,3,57,0
95.67049593322656,34.21571244626724,8,2,1,30,1
102.61512743969564,47.44903335235007,6,1,3,43,0
42.87761118751571,7.127827751655779,7,1,4,31,0
35.02933280687314,19.106973741628465,7,1,1,49,0
74.14246669159212,27.736590164117715,6,2,4,28,0
43.43330867157086,3.837903094436901,9,3,4,55,1
78.98795453266533,0.20937218139789326,9,1,3,33,0
66.087690625539,33.521716689845874,7,1,3,39,1
14.527676550083044,32.09097584007176,9,1,1,64,0
106.42515603990185,20.53944049998059,3,0,2,33,0
113.87633019286565,24.48220380160163,3,2,1,30,0
41.61633928546841,20.77215002960448,1,2,4,29,0
48.368953201920476,1.2002522422444428,5,1,3,35,0
68.57596172174715,16.768580310873123,4,0,4,46,0
70.03370369961075,8.854112769864491,2,0,5,35,0
79.75632818018491,4.921209455068437,9,2,5,63,0
120.3061361629905,47.83602169446749,3,1,4,19,0
54.69158317517852,29.967986252108282,8,0,2,19,0
36.05108266384639,36.432814211830134,6,2,2,20,0
18.620423159564183,15.768187163305875,5,3,1,46,0
38.07209880174243,19.65735647470076,1,1,1,25,0
59.006190813786084,11.846199694836173,4,2,1,28,0
113.83673590553363,4.848283548271237,3,1,3,29,0
44.47166102891486,8.95158187207919,1,0,2,49,0
66.71363854916696,39.87570226482429,5,1,4,21,0
59.50731311781744,33.87729025918879,6,0,5,26,1
95.65179820344252,27.346443799273846,2,3,2,41,1
135.80797277620866,23.754493643338403,3,1,2,66,0
44.07393681239038,46.12171418280622,6,1,2,33,0
45.31681672445333,3.6367473889334203,4,2,1,34,0
91.32482631207216,14.030040661895798,9,1,3,64,0
80.45674468878934,17.4968926785357,5,0,4,69,0
115.401219772081,39.12129061063939,4,4,1,39,1
77.51784555977892,49.62573100809857,2,1,3,24,0
49.221237276388216,12.033525737857653,6,1,2,27,0
77.71964492076928,43.71536670685403,2,0,3,46,1
93.26110741748724,41.53113802158956,7,2,1,53,0
84.61446543592092,11.23286988208833,3,1,2,41,0
75.21822093321893,19.966629009961128,9,0,1,63,0
92.00024068767462,20.483643464625956,5,1,4,31,0
95.07886771337019,48.91103342632792,8,1,2,31,0
101.46476973112581,9.044595068944917,6,0,3,42,0
79.46129662768928,39.957898555239105,8,2,1,63,0
54.98645759049437,16.709635708655497,3,5,5,39,0
64.40141059299968,36.54351728880802,3,3,3,69,0
96.1952689952507,21.000550214783143,5,1,3,67,0
35.49192987038292,28.917988155827,3,1,2,64,0
71.06019926618704,41.63058866630656,8,2,3,40,1
48.19983563017918,40.20827824919421,8,0,1,49,1
60.86234468804452,43.321159176985006,2,1,5,43,0
98.35355587821897,2.980866267232951,4,0,4,68,0
65.7329720405971,34.602527651987245,1,2,5,44,1
61.39309644468447,6.999368836088143,4,1,1,62,0
19.20431577060242,20.79092840092055,4,1,2,29,0
82.38760698081663,27.429420752734423,9,3,1,36,1
79.36452543423226,20.136974237341537,3,2,3,36,0
124.89764169916381,25.980583790150373,2,0,2,69,0
50.766652951409974,49.82631543993096,9,2,4,51,0
66.57450982991817,6.760865685642736,9,0,4,49,0
67.48151051132265,33.77280226682128,1,2,1,46,0
107.32359839290423,19.800048319280762,6,0,3,38,0
57.141134028391434,6.650489945366439,8,2,4,52,0
68.37064577311017,7.936838168715477,3,0,5,59,0
78.23689529149618,47.46365531228084,9,1,2,22,0
65.59827369469075,43.9800748355881,2,2,5,29,1
46.60699156348415,45.35209802075109,6,1,4,24,1
65.82269978694923,49.57663879136933,1,0,4,58,0
92.20895249579317,10.415769500425897,7,2,1,19,0
29.20454101766819,17.771966868203087,3,0,1,42,0
63.98909022440628,33.46095149624333,7,0,2,27,0
38.996375551824805,24.19012699303236,4,0,1,55,0
95.85139886774527,20.919476668916676,9,1,3,61,0
14.304392856486757,17.890562466779652,5,1,2,23,0
43.232344581852345,29.68903159717261,3,2,3,44,0
71.31635625193563,28.7796714320041,8,0,1,52,0
106.96572087703021,8.072891703212004,6,0,2,27,0
58.027492167810365,23.586991875921953,2,2,4,26,0
43.34401419920405,27.673588810492493,3,2,5,37,0
116.4347120832177,28.514346936569524,8,3,4,54,1
16.559582987512677,10.50535964561759,7,1,3,52,0
5.0,37.11356961261434,6,0,4,54,0
73.20043350159997,1.2599547410534817,1,2,4,57,0
44.93837326942167,17.741592777158132,9,2,5,25,0
29.363015486078602,39.010632426781676,3,1,5,63,0
81.2506934189806,28.194646052770118,5,3,4,48,0
67.31402141313596,13.058121625543013,7,1,5,66,1
43.07764107789815,34.74765596715238,7,1,4,60,0
21.590868039873165,28.36954720780367,3,1,2,33,0
86.17371984840435,39.81218047281936,4,0,4,45,0
79.50603533875983,36.75125930949117,7,1,1,23,0
57.02472408661851,30.505396101811733,8,2,5,49,0
115.39910988142998,24.4088837655407,2,1,5,45,0
27.897457010215426,6.65910628337617,9,2,3,28,0
14.234244872257833,13.066650894269188,7,1,3,59,0
39.24275790356266,20.954973645854263,8,1,1,40,0
58.632419509335065,29.964964350319434,6,1,5,47,0
67.30018347968075,25.68539276076524,6,1,5,26,0
52.7629182643101,14.409226297976474,9,1,3,45,0
70.5616618954289,0.32321788948552754,4,3,3,41,0
22.453817274286678,24.811961095040697,5,2,4,45,0
103.31293812219778,14.281299428112154,9,2,5,41,0
57.535464648222934,36.730415035526754,1,0,5,32,0
93.51887494764384,1.1973132635241746,4,1,4,56,0
70.28176039133112,29.241390565289542,7,3,5,67,0
73.70259657461352,47.07371187530327,9,0,1,50,0
77.09301840696611,8.720463355574976,6,2,3,64,0
73.43125680051945,23.58247453752977,8,2,3,51,0
79.28168279602632,4.5710995908569085,9,1,3,39,0
99.87457590397294,31.28409561306763,4,1,2,46,0
65.8956350910441,27.52658402981128,1,1,1,51,0
81.27011272765537,20.368276210641618,8,1,1,59,1
57.3079291713832,26.06885107368706,2,2,4,69,0
103.20351646348419,44.82873292345051,1,2,2,64,0
39.70823093822191,9.814715115553351,7,0,5,27,0
114.02821298732447,1.1282255852673617,9,1,1,68,0
58.795261480669694,43.083244234955046,9,0,2,62,0
17.076746936458555,28.855854119395325,3,0,2,47,0
63.843132447323676,44.53292277309212,6,2,1,28,0
39.56845027575358,29.84726117065863,7,2,4,51,0
85.21930646966172,40.50805449798512,9,0,2,38,1
40.42128062092827,21.483668167757397,2,2,3,30,0
46.61449700355661,37.49299656441344,8,2,2,42,0
5.0,45.6520733444928,7,3,5,38,1
46.4308104225277,28.606148186110314,4,0,1,18,0
5.0,9.039257528118977,2,1,5,22,0
12.482915295428299,13.439880751509909,8,1,4,39,0
82.81243968432892,9.93222884487029,5,1,3,24,0
83.57400475952497,12.342851379786646,6,0,1,30,0
72.76372685354895,15.32077246755182,7,0,2,62,0
30.99071570612361,27.756689337659424,1,1,3,69,0
58.568659315740604,29.39958147319164,8,1,2,40,0
59.891923827282945,21.324987362093058,4,0,4,38,0
25.249059324223715,30.77103899104177,9,0,1,23,0
105.10194905301452,4.078746280568296,1,0,4,37,0
86.32086871727014,4.389411852907998,2,1,4,29,0
53.37107478511008,8.591473017882922,6,4,4,57,0
60.806575169835924,25.903874902017236,1,2,4,26,0
66.25148423842657,10.699733934915677,4,0,2,67,0
5.0,14.164220174628866,8,0,5,45,0
52.58467852438209,20.015641808649704,5,1,2,28,0
39.54047256006604,40.59330620051899,9,1,3,69,1
29.951399703152536,0.6931067956430059,6,2,4,49,0
51.56699121342135,32.46894101183112,1,3,3,28,1
113.93059580548568,33.44382655203427,6,1,2,41,0
79.2252858380103,39.93278901783183,6,3,4,32,1
42.8646303065161,46.63764695301566,6,0,2,58,0
77.17748344068475,1.0068924474644914,8,1,4,52,0
101.98066309758006,7.689185275660809,6,0,2,34,0
87.73901048738307,44.30856470279965,5,2,1,42,1
61.78891109760522,22.925928109350767,2,1,5,66,0
40.59189666883278,28.229531946673177,4,0,5,52,0
80.9466994084077,33.15136018615737,5,2,4,36,0
71.80456156265248,33.95333022478187,4,3,1,58,1
86.85579660083197,46.58702016582541,2,3,3,48,1
79.05515405045908,49.847470870583486,7,0,1,34,1
91.48658145958005,36.00787304654701,2,2,4,67,0
43.942943653182965,14.36106046025754,1,0,1,40,0
99.52182196902977,43.98762011471718,5,4,3,64,1
65.92798814077199,2.4610457270380803,1,2,4,18,0
122.25782617875797,11.55404264372481,1,3,5,27,0
39.324365457312965,44.869285873185746,1,0,1,25,0
112.07891409495748,12.809575721967747,6,1,5,59,0
65.93732350387944,11.032552981087424,9,1,5,43,0
40.45745989156655,6.906264657012362,1,0,2,51,0
45.48342497837035,42.955587882345824,5,0,3,36,0
50.389580754170396,25.002912959554337,9,0,1,31,0
72.7249783920575,33.74466015270774,9,1,5,25,1
75.68506464106498,11.953319203751484,1,0,5,68,1
42.78899988184263,37.902021050560826,8,0,3,18,0
59.269362232170515,38.00027724810492,1,2,5,65,1
124.2681107583559,15.629901245415006,8,2,5,42,0
111.82629510302134,20.53413165051414,1,1,5,41,0
73.08971009022096,10.484513871510043,5,1,5,64,0
61.14010434504601,48.828051166145215,8,1,2,37,0
63.60093980154784,32.28012885292058,6,2,2,47,0
78.4055391819125,46.727194035775774,9,1,4,22,1
29.316223044047835,15.169277181456659,1,1,1,20,0
52.27870387729965,39.094545649844484,9,0,3,49,1
9.942477783672317,38.2929321942371,1,1,4,34,0
71.97669367815838,34.582782593327074,3,1,2,59,0
79.41587819108223,48.28194876334002,1,1,2,22,0
45.50440613101878,19.677766805315777,3,1,2,28,0
107.21960289870098,6.535866179487865,2,0,4,55,0
23.227030109929764,33.58544296220304,2,0,2,21,0
16.068753593705395,36.46549002386031,9,0,4,56,1
66.73355455679916,28.753028672940733,8,1,2,36,0
91.41294907836463,10.340894656669814,1,2,5,56,0
110.51783074373606,25.222797083467768,4,1,5,63,0
46.233472113931796,15.60948682845647,1,3,1,66,0
92.36042500293887,21.373326408334453,1,1,2,40,0
58.84474591497878,32.260928792233194,4,0,1,34,0
54.821181001775415,37.26073713454173,2,1,4,30,0
86.50979812460017,11.611234545067155,3,3,1,44,0
79.56968635240258,20.266268032347668,9,2,2,18,0
12.708235290472516,13.45807854958146,2,2,4,19,0
104.29621049177688,9.931580693093455,4,1,4,35,0
101.40274062442354,39.16936099979192,1,0,5,53,0
41.233118954714115,45.46263472184962,2,2,4,62,1
71.87410600312228,18.511609284228836,5,0,4,50,0
74.82090558848216,37.56394621868834,1,0,1,53,0
67.82021297471721,44.849764468220556,7,1,4,19,1
43.490845384637396,42.30621052651158,4,0,3,21,0
39.851298961858454,9.140669426961296,6,0,5,33,0
59.23337787025664,47.81459407566807,8,2,5,21,0
95.18187057778094,18.833822021473125,6,1,4,26,0
76.30800463783297,16.962033058691816,2,2,1,66,0
48.88157003741682,3.1215663638890168,1,0,5,38,0
83.15096131945035,24.30868270524415,8,1,5,40,0
5.0,5.450680782046435,8,1,3,69,0
94.4629710111631,12.426991046371299,9,0,4,19,0
7.808586636657012,15.847131088364069,6,3,5,20,0
49.126771757906035,40.4413161745842,1,1,5,40,1
26.40990316121568,43.77443251979483,9,2,5,43,0
21.15955572837283,15.123315873073484,3,1,5,64,0
94.82480362135558,42.93490606222869,6,1,1,24,0
45.96896396064326,42.861546868489555,9,0,2,53,1
70.39511645192147,38.232547519243674,3,2,3,61,0
58.59238263362448,7.334755700759077,5,1,1,50,0
74.31122481669364,34.51614234503645,5,3,3,66,0
62.30465673180766,47.25120322902844,7,2,5,53,1
21.51023327434291,34.12702393835785,4,2,3,21,1
89.8880045834142,16.580842455391696,4,2,4,40,0
45.18730250516062,25.028965871541565,7,0,4,42,0
13.302543040207468,32.28625216755268,9,1,2,58,0
47.15654517102263,25.52852043642518,4,1,2,43,0
105.02279371902932,5.997647086548491,4,3,3,45,0
85.50665226340479,15.603202232601031,6,1,1,45,0
49.540435967764225,40.119801527681624,6,2,1,38,1
49.522268870447135,43.07090230477587,7,0,5,27,0
50.350948463478524,6.865001635778512,1,1,1,44,0
122.30243950682522,47.61933761993623,3,0,2,68,0
71.4580635669466,16.441130892430465,9,3,1,68,0
72.90124941573208,33.115686936536,6,0,5,32,0
90.90850362095526,37.591257297834055,6,1,4,34,0
67.16367477079541,40.59731173189417,5,1,1,56,1
52.2287356253789,47.287485111296505,3,2,1,52,0
54.10950452745065,15.64597740144113,5,1,2,22,0
57.851962217578084,42.92532272757772,1,1,3,33,0
58.88333290470475,6.584345171810352,3,1,4,40,0
81.8288863091094,35.25204531767964,4,1,3,56,1
61.55837657421898,37.098886475699295,5,0,5,65,1
81.97920231646738,33.88616206006602,9,2,5,26,1
57.57850259674253,12.61573680675765,4,0,3,50,0
62.35905570948272,43.65215735076017,3,4,2,52,0
5.0,8.44292316851975,1,0,2,57,0
87.48983024107444,2.681739576041542,6,0,2,67,0
70.39465427693978,35.87324953059561,7,0,4,41,0
89.94030329578956,23.773785761636685,8,3,5,41,0
5.0,42.454900997933805,1,3,5,67,1
122.65124114342183,19.16985705291295,4,1,5,41,0
55.81231115534479,8.413929425385641,5,2,4,36,0
93.24548450212549,41.82210962349349,2,1,5,56,1
28.802822186234074,27.445481582003584,1,1,3,42,0
78.38321715187709,9.459789619517744,8,2,1,69,0
28.397533104790316,36.01919992932229,6,1,4,48,1
41.286931179125844,25.555681924475028,5,0,1,55,0
117.42094061600358,30.215649112015992,9,4,3,42,0
54.279527977099605,23.044916910329093,2,2,2,44,0
66.52298619539168,41.43544919090032,8,0,2,49,0
86.10203192066263,41.47813578415249,9,2,2,28,0
74.87045663917814,35.46944109121931,1,1,4,22,0
64.51256715430729,5.270068869823113,7,2,2,61,0
70.94883007398676,41.942693095203445,8,0,4,50,0
132.10246755714826,33.55064902664549,3,0,4,36,1
58.27143608899244,34.85120830021498,4,2,1,60,0
66.03297140144903,18.149142020193583,3,0,2,64,0
91.51963188022836,43.963977807850334,7,1,5,33,1
93.1657779887395,36.26858001174288,9,0,2,52,0
95.61090916681141,5.629523326459723,3,2,2,28,0
79.16190666087553,20.388901720308134,6,1,2,28,0
25.709852618085492,44.319018098007085,8,0,5,27,0
109.00294596903288,2.3598350848689496,6,0,5,51,0
25.60963820943936,48.07083098210248,2,1,4,69,1
69.079063957171,33.95812841597814,7,1,5,22,0
37.37172449941926,31.56879888216883,2,0,4,40,0
58.075849602210226,13.52796282439957,2,0,1,42,0
69.86287230910442,12.439589436958853,2,3,4,46,1
69.6407164635082,47.102910974429776,1,1,2,57,0
72.65762262705854,14.913622711706138,1,0,3,30,0
108.41133807175942,38.77526483594997,7,1,3,64,0
73.60602904541939,19.65608991035396,5,1,2,49,0
52.67530094128054,6.962703539235199,3,2,4,51,0
88.92261504865073,0.5357648847679475,1,1,2,29,0
95.68411466773921,27.21286685076254,6,2,5,41,0
23.171765545890224,48.78894092744663,1,0,4,57,1
77.92200209549574,18.456809690460226,9,1,2,38,0
81.03518226932695,17.859616699652243,2,3,5,46,1
51.07309489920024,17.204580892472105,1,1,5,68,0
101.27120439934859,26.027191865242923,7,2,4,40,0
55.4983323890242,22.033244171214676,6,2,1,50,1
63.76729360414627,43.99573133635072,6,1,1,25,0
54.80784527148391,25.276039586174516,5,2,5,59,0
60.46737142744403,25.38789190942844,4,2,1,30,0
27.111747393143943,6.91857973602783,4,0,5,22,0
16.79847352217117,49.136977045519295,3,0,1,58,0
107.83515189674917,12.498644543441484,8,1,5,27,0
34.591159550450165,3.668203372980133,7,2,5,31,0
30.258229516310784,33.15731244876044,9,2,5,41,0
5.0,29.768318507843635,1,1,5,28,0
40.831147569314936,20.757282699637287,7,1,3,63,0
20.30730619777505,21.1096116940339,4,0,1,20,0
109.26045480409107,39.253196052321556,7,3,5,46,1
90.29451268027903,9.785632004982453,1,1,2,65,0
39.35548964466828,41.012665947244486,5,0,4,69,0
127.57307416032927,32.437355694750906,3,0,2,47,0
89.45296460974782,20.94848868897622,5,0,2,66,0
50.25505849474133,22.90143082919343,4,3,3,54,0
5.0,12.83236035930479,2,2,1,24,0
128.72827717772225,37.60571663484874,4,1,3,34,1
18.31282599709212,25.643737115263388,3,0,1,37,0
10.638037591293248,16.04272713749218,1,1,5,28,0
90.67711296028921,29.80250578804751,8,1,3,61,0
133.19257219017817,49.78672260256615,5,0,4,42,0
101.52818455531555,21.763113982827694,4,1,1,41,0
76.91727360157078,46.03457003893098,5,0,3,19,0
77.84263024995857,17.250841996228306,4,1,4,44,0
85.60246676340924,2.7366353462492943,3,1,2,36,0
82.76785769360296,10.212105318421443,5,2,5,46,0
68.43574271908128,20.93475716638421,4,2,5,54,0
63.12603311855628,10.981746429728451,1,1,2,28,0
58.122206163014326,0.011351910912776875,3,2,3,36,0
37.38106233399971,45.75007688737636,8,3,2,45,1
51.57974769399678,42.19397056154645,7,0,4,56,0
9.211295574138433,37.11461157434736,2,1,1,38,0
57.049811196157506,8.390729782301431,1,0,3,43,0
30.342266785472475,6.018178810499303,3,3,1,39,1
26.892320483526873,3.3802374736191574,5,3,2,23,1
65.39682453460435,36.20145943864606,1,2,5,28,0
101.76006859033798,46.44039803439426,3,2,1,31,0
87.54949818006939,21.526791045651848,3,0,1,53,0
12.88498189130469,5.957033599802408,5,3,5,57,1
30.311155902889872,25.61964103660533,3,2,1,58,0
88.22313563964647,17.441595372931506,9,0,1,19,0
30.525378193850713,18.741246217499885,1,2,5,60,0
53.26100550008926,31.066531207785363,4,1,5,37,0
76.50156297073656,35.93590566311012,4,2,2,39,0
30.94966635409094,5.530179943658043,1,0,2,56,0
63.1612651843788,1.7795115403238193,2,2,1,21,0
19.979235152453867,49.71651513428574,1,2,3,46,0
41.95897068146359,11.636417445777592,6,2,2,63,0
69.59345802427612,2.6915262454229536,3,1,2,41,0
12.210187994049924,9.493766454795999,7,0,3,18,0
73.21424213881197,1.947892317423211,5,2,3,41,0
59.410866032199564,19.590544730858582,9,0,5,47,0
76.57469863251444,40.120089222566214,7,0,2,29,1
66.71742402193985,17.062222487886032,4,1,4,36,0
100.92421289921532,22.209170343918327,5,0,4,54,0
63.75673507943722,33.77933867837194,5,1,1,57,1
47.11783376624241,25.444703503494008,5,2,2,60,0
63.668925090968514,43.07228430106621,9,1,4,21,0
76.29894087109165,43.301783752287825,3,0,2,32,0
61.46580210977113,0.49553477455768213,6,1,2,37,0
61.21775073611647,38.90231532415996,8,1,4,61,1
38.94024936579734,23.036680012083693,9,0,2,37,0
40.11297247347156,49.442027065183154,7,3,3,38,0
17.921841846009194,24.161603793771757,3,2,1,27,0
112.48730229560817,49.344797269414876,1,0,5,47,0
22.684102938261447,37.72846806028683,4,1,4,41,1
39.212844066122784,12.430244230665316,6,1,5,65,0
38.44778203292408,26.919748964347885,3,1,1,57,1
86.84773130833324,49.60678197392914,1,0,3,69,1
51.15150965123917,42.87653038759618,6,0,3,57,1
97.432262180212,4.868344689561055,1,0,3,55,0
39.795281272683944,35.3185998404998,9,1,3,20,0
68.36982486671405,17.27897929354065,1,0,4,46,0
34.93958840220728,0.34911309401740587,6,3,4,25,1
124.35447383320165,20.17404845134998,1,1,2,46,0
24.372047429114616,11.737721086248564,7,1,2,27,0
69.29462130681082,40.94346352602358,3,2,1,22,0
79.01330642796296,16.866530442288273,6,1,2,28,0
72.41397292354495,41.37618469769085,7,0,1,21,0
54.44137023366875,0.029896941739765426,1,1,1,66,0
56.105379007997215,15.390957501305957,1,1,1,52,0
61.314344159373285,12.058260715388098,5,1,3,67,0
55.58993995114534,11.67836805343055,6,1,5,57,0
88.9163735038473,3.409330988273135,9,2,5,29,0
126.31569004774053,9.356213520525086,1,2,4,38,1
43.27524644976499,27.777478494280995,4,0,1,33,0
18.905910612627665,14.568053641887225,8,1,3,31,0
57.351538549462354,20.869739116457396,9,1,2,38,0
137.39128012962954,18.843344017359424,3,1,2,65,0
35.88976296090807,43.795246249994726,2,4,4,44,0
109.17350416332202,45.264949950525775,4,0,4,53,0
110.33102442229321,24.647848582793003,2,4,1,18,0
43.39235274876016,16.50779751578022,1,0,1,18,0
77.06949237555827,5.340035200118182,3,1,2,39,0
108.85189869385614,47.67014396910475,7,1,2,32,0
48.62616777037539,3.0113472450148726,1,0,2,69,0
53.892589196929144,14.882513878414022,2,1,2,37,0
42.54957258154069,14.903310058500207,1,2,5,20,0
29.557298079213993,16.020064307010745,8,1,1,31,0
40.521673648019785,8.214342163620463,5,1,1,26,0
23.281791997132302,39.15807154618486,8,1,2,36,0
61.022504047776785,6.124893098299461,3,0,3,57,0
36.90080306824075,31.74533295765814,7,0,2,51,1
67.01357735372243,6.192301335290873,8,1,4,21,0
13.32313061389118,3.526781879647828,6,4,3,50,0
69.92640696643372,45.47147518429382,7,4,4,60,1
85.00586884826774,9.506438315935284,2,1,3,54,0
5.0,41.06250772798521,8,1,4,19,0
71.22169709542716,27.23154355535679,5,0,2,44,0
96.83006977419876,3.89282598043848,7,1,2,62,0
23.710769439263835,47.772409571903374,1,3,3,34,1
110.1771716051311,12.348058349594627,5,0,4,66,0
72.57057028098136,42.98226726763033,1,2,5,67,1
38.84964432724773,8.44050028922821,8,3,3,48,1
58.32692767026882,42.69714410709264,4,0,3,58,0
76.74980737565167,0.6614406452646993,4,1,1,23,0
62.28016174237234,25.589022828474032,2,1,3,69,0
76.16267977339108,38.472128971077844,5,0,5,48,0
32.37979220761901,46.739775874639164,1,3,2,20,1
65.08082472108234,45.460106810324355,9,1,4,57,0
17.588565092850594,40.98124347738224,5,0,1,20,0
56.66321815953899,44.4095674830652,6,1,4,50,0
32.8827707560563,9.960984291853825,2,0,2,69,0
37.934101722307005,14.209214785586438,1,1,3,30,0
97.08279525631312,14.448426246052925,4,1,5,38,0
92.73930361782807,18.85269655008494,7,1,1,54,0
78.27414362721531,19.666033519259436,6,1,5,33,0
27.230617059822627,27.227766232733774,1,2,5,38,0
50.50774650915594,7.993988168322069,1,0,5,65,0
96.3929309993755,34.562333189299466,8,2,5,61,0
64.25150740919715,8.378326965225325,4,0,2,30,0
129.5798861994508,15.515424105227376,5,0,5,21,0
71.79953518183116,25.167256530307704,7,0,5,48,0
65.76147349470095,39.822028076173865,8,2,2,26,0
50.72650607392496,36.97346166193636,7,3,4,65,1
64.00622714346846,32.276717820526116,2,1,2,50,1
55.42590490858368,7.788663029008508,4,0,3,54,0
81.24326030065771,27.352267280778886,1,0,2,54,0
88.70106950383752,4.3723250899942725,9,0,4,41,0
36.42031618476152,18.86815883983254,3,0,3,42,0
20.063011393266656,20.67582651449796,3,2,3,68,0
5.0,1.9905719722876913,9,0,1,58,0
75.23973980737631,13.699404973498591,3,1,5,46,0
26.899001814783794,47.78247336332447,8,2,3,57,0
5.0,47.681630391484475,2,2,3,68,0
71.65735813592892,17.616352712626966,3,0,4,67,0
134.78998552298373,2.155005447416203,2,1,3,64,0
59.8178726538032,8.954746966409077,1,2,4,53,0
85.15472323354925,19.610889671677008,2,0,5,32,0
62.45488075642695,47.38898489846149,8,1,1,62,0
57.03331040426572,7.059953176859246,9,3,1,35,0
87.57229448963305,38.175792183410614,2,4,5,37,1
51.29176367434046,5.434126968734604,7,1,5,22,0
68.02176942215709,49.06287886956384,5,1,2,35,1
69.6509341858804,19.080824955456748,3,0,3,57,0
39.95728639070854,38.7617269449528,9,1,3,18,0
89.76127048609568,17.129554140556593,6,2,3,36,0
54.75120729913774,31.383443857940435,1,2,4,40,1
37.32764521521466,9.600804237001837,5,2,2,43,0
76.09529530711211,7.301050964848127,7,0,3,66,0
33.04596054626889,46.903206978406565,4,2,4,46,0
60.84543472107385,45.88236389522167,8,3,4,51,0
59.726430100673895,44.37344701064412,5,4,1,36,0
92.57686697494734,31.271672508329672,9,2,4,65,0
74.24094698639858,40.413410560813915,9,0,5,35,0
59.24919123764568,3.4518468455687454,9,1,4,19,0
84.53298897600861,16.73945209453396,1,0,5,44,0
101.7062264705194,15.68515623785781,2,0,5,23,0
76.73430919055586,31.78226609763066,3,1,1,56,0
60.310578595301415,17.797888673532025,4,1,1,23,0
20.644913029495214,7.42533908218404,9,2,4,23,0
28.046590107738822,29.823353770677187,6,3,1,48,0
50.84325886935997,40.719196033454075,1,2,1,58,0
41.71463393522151,19.10617472299866,9,2,3,57,0
54.39086091043662,6.613435754924085,6,1,4,47,0
61.69949774691322,9.834409865641152,4,3,4,38,0
75.89078263070192,11.8741652584692,4,0,4,58,0
57.885036658227264,14.994879649726812,3,3,1,61,0
74.59504931478605,32.139753525315456,7,0,1,35,0
61.93423244430361,30.04727422688595,3,3,5,40,1
5.0,34.80399307835196,2,2,2,55,0
31.819938185437373,18.125099226575657,8,1,2,40,0
55.677373328351536,41.199882593998915,4,1,2,45,1
23.709157714766775,10.204383057788014,8,1,3,53,0
77.99786189988613,23.452037375907697,1,1,1,42,0
105.92252497031092,40.046936077071514,5,1,5,24,0
96.5628555509195,9.007932386630962,9,1,5,35,0
53.59671387209376,5.493155687039147,1,0,2,37,0
104.72178410549856,44.18419838439949,4,0,3,22,0
64.46002371606335,17.146483137959795,6,1,3,35,1
49.88742086645882,34.1935062454516,8,4,2,59,0
41.597920093771805,1.267430213196924,3,3,2,57,1
50.92590940535615,34.50234442047248,5,0,1,50,0
48.354695443763134,15.805065577348525,7,1,3,32,0
65.11248667126463,2.787042679372087,1,1,5,52,0
64.81721943149594,30.49063807740585,7,1,2,64,0
60.091380604602435,12.040190803658662,8,0,1,63,0
73.1081450923905,19.340362102594,8,4,5,18,0
95.71938824359023,4.029040614325679,9,3,3,38,0
88.48662406323972,7.358162554747266,6,2,2,25,0
15.453060946502895,14.898861774792188,6,3,2,24,0
5.0,4.487975028007857,2,3,1,58,0
88.02959733717822,45.54131323431576,3,3,1,67,1
18.993639047537364,0.3023521591989209,4,1,3,61,0
53.257037943219494,24.19301094321557,4,0,2,57,0
24.89660921821921,6.1623729066275725,8,0,1,57,1
5.940586872599411,15.383954473897427,1,0,2,47,0
76.24388184614364,46.30297799091328,4,1,3,55,1
82.77465480907941,8.084727663699343,4,0,2,52,0
42.70468797819842,48.29161598591663,1,0,5,19,0
5.0,10.289718849471086,3,1,2,63,0
43.612666552425516,37.078305423341476,5,1,4,25,0
71.75412016207639,27.333863244865586,6,4,4,55,0
15.63265293677614,44.22393637983796,9,1,3,21,0
65.50079759337467,27.699662775156547,9,1,3,54,0
59.54070452481013,26.727960957815434,9,1,3,38,0
77.37874498803265,9.772900018419994,1,1,5,30,0
63.5874110524246,8.311468102582936,9,3,5,26,0
30.807931773553335,45.82445755577571,8,1,2,62,0
95.89714504993475,16.391909942501705,2,3,1,46,0
55.2441128091909,18.604112748144797,1,0,4,58,0
59.18086381470204,37.99118292141942,1,0,4,41,0
32.00196122780412,16.941174121140367,6,2,4,33,0
46.70153246425469,47.60312233195014,9,2,2,29,1
33.45591857919297,36.89638844994001,7,0,2,19,0
54.81161820229731,29.871462128671,5,0,3,36,0
111.3512544042703,44.04475802723763,2,1,1,47,1
18.84296571205931,2.480295417474138,1,2,3,33,0
11.593158063697764,12.853134609460437,2,0,2,41,0
104.13510982480825,23.251816711045496,1,0,5,30,0
53.720289685444016,11.34892697357605,3,2,3,22,0
39.92781784020251,37.195259365107596,6,2,2,40,0
91.1971406218823,45.96040155268626,8,3,2,55,1
41.831533807894075,21.18850599654617,3,1,5,48,0
114.78029140640808,17.10663000559475,9,3,5,34,1
80.33777614017808,48.07753660687831,5,0,5,66,0
45.362657755628916,22.242621641377042,7,0,1,66,0
124.71924639796511,24.45242002246416,8,0,2,20,0
41.82855230989985,17.582493617095267,3,1,5,43,1
82.26286116027921,45.477423650606916,2,0,1,30,0
68.97877741219476,28.447774164092536,2,0,4,61,0
99.05223868196394,38.10872935908223,5,1,4,55,1
106.84533590180558,40.590335917544316,1,0,4,39,1
60.960124471972996,17.09245209586291,2,1,2,38,0
37.3974638896145,21.684716566019002,9,0,1,46,0
73.7991642881735,42.423588720313234,7,2,1,62,0
39.66853890743681,18.16276758379051,6,0,4,63,0
120.40161742579869,39.696756672592564,9,1,3,56,1
64.09605993248212,47.04961612872186,7,0,4,22,0
49.04035346063674,31.16051865340035,5,0,2,31,0
65.54040917594725,37.08136437259444,9,0,4,35,0
19.586211314109107,40.254865602056746,6,3,4,21,0
30.851578844680454,42.25198244483212,6,1,1,50,0
96.01241723833276,19.752666892839798,4,1,4,56,0
40.293171630858126,2.5631729587999086,1,2,5,37,0
28.592670519541812,20.093813561836978,5,2,5,30,0
76.09958257581859,33.68781148920449,9,0,3,53,0
95.57112463988992,22.51751928903964,8,3,2,62,0
81.568599319952,37.448157543019924,8,0,2,21,0
89.88143057417449,17.849121473433193,5,1,1,52,0
37.29614734291618,31.737207055201477,9,2,2,25,0
17.34567999774469,9.320990242698729,3,1,3,69,0
105.0400095586646,37.46847183224784,3,0,5,57,0
50.31960483473593,27.284798440651294,1,3,1,66,0
52.47500950634858,10.20321942733003,9,0,5,64,0
99.84582425547174,14.595558674890363,6,3,3,53,0
76.68690028201979,37.43043542909162,2,3,1,23,1
73.67663316244823,24.130061783076034,8,0,4,39,0
124.95007034703252,10.80157201965361,9,0,2,23,0
40.69445308859571,48.36355951851488,9,0,3,59,0
87.83520384243711,35.75625099084439,2,3,1,53,0
61.71039374691254,47.85674162698981,2,2,5,26,0
68.05776836589772,21.35525226801716,7,1,1,33,0
105.85405279237595,23.755017034586025,4,0,4,56,0
75.23507268868872,44.89776080925096,1,0,3,63,0
76.14888237148898,26.252467012269232,8,2,1,55,0
92.17522011929407,35.36394559528336,2,3,3,50,1
49.05141811371344,12.608643874776499,3,2,3,35,0
34.82370997982981,22.336323435132027,5,1,5,29,0
28.655724179368992,6.172493290517755,3,0,2,44,0
5.0,10.299001793848085,7,1,4,64,0
121.68621389820967,0.04717076338155435,7,1,1,18,0
26.90374902834951,1.9632525824330116,2,0,2,32,0
53.36239129242684,48.86419115884647,7,0,5,64,0
51.69560100333238,12.117684756838115,6,2,2,44,0
69.22220093427302,33.165535475200095,9,0,3,33,0
84.4721163761789,41.95498493998058,9,1,3,38,0
85.81420465079236,27.533022961828213,2,1,4,18,0
42.50767684293184,7.65722500419781,7,3,1,46,0
54.98634858640766,36.40582186680832,5,0,1,20,0
68.477398514649,30.012570504979152,6,0,5,29,0
52.53926621449359,36.562529467368755,1,3,4,45,1
108.22036728059979,38.48733114285436,7,1,1,56,1
74.72924854914754,48.770518384237256,6,1,3,54,0
82.04633358149452,28.6781640013355,4,0,4,48,0
79.88643806002239,17.082055634530093,1,1,2,48,0
95.20421572455975,32.42322784501185,9,0,4,50,1
65.4306467611112,3.4220354621313067,4,0,4,50,0
21.095041561324607,44.86986591607931,2,0,1,64,0
71.99063855257924,5.969050566909839,8,0,5,57,0
40.459293186245134,16.392141894290912,2,1,5,28,0
44.141499547507294,40.787269031306046,5,3,1,63,0
77.5909205626528,29.865618916535592,6,1,1,46,0
97.14849214300907,19.681776013872103,8,3,1,42,0
60.63814730208185,23.67178296875107,1,1,5,30,0
69.26499037796891,42.72736966010902,1,0,1,68,0
111.06644833905713,17.00021930299461,4,2,2,61,0
67.22259538465705,43.482484240608564,5,0,2,36,1
138.05049342541184,4.406721548834574,9,1,3,53,0
76.96528936894633,38.83992186043154,7,0,2,45,1
7.177117225325468,42.377381652736815,7,1,4,21,0
82.60024863313598,9.090882641866937,8,3,3,20,0
71.43475154648334,21.51732661861002,5,2,2,55,0
98.69258262248238,8.27498873318278,5,2,4,54,0
80.19544053809875,35.330206449710886,1,1,2,60,0
55.84632048048679,26.767388403082837,9,0,4,42,0
23.271052911319025,31.76616733541605,6,0,1,58,0
53.729302281419244,9.824348347810558,9,1,4,52,0
34.484386373720994,10.587293102620976,3,0,1,46,0
42.58429650585832,2.074866275495318,5,4,4,58,0
77.65735213261829,16.103376759786485,2,3,4,46,0
110.09713513054218,27.987233066683746,5,1,2,29,0
71.84014589468943,42.89674569986644,8,3,4,52,0
24.123508138944473,33.346372372934034,2,1,2,37,0
73.33808004660422,21.76981616998757,8,1,4,34,0
95.89894459936954,47.65600571970689,4,0,5,29,1
41.706512870418535,35.96226002879159,1,2,3,67,0
55.97948499981247,46.5082601431275,5,2,2,53,0
60.44064584187591,26.379398663608285,1,0,2,27,0
36.4530506075328,12.94521373965698,7,2,1,35,0
79.44841301531577,2.6413343182360993,8,0,5,47,0
56.371555541766554,36.30424257419252,3,2,1,25,0
72.58597331721083,6.065149900276706,3,1,5,58,0
33.375234665937,15.138756413598358,7,1,5,68,0
46.876250990297684,26.62354539419487,4,1,4,30,0
81.67144073483314,28.220829388987383,3,4,1,48,0
48.81500543724699,30.0291598493568,8,1,3,23,0
111.80891553700215,8.312766517485032,3,1,5,24,0
48.01091443156193,18.98687024108244,7,1,5,38,0
66.74054177255658,30.859711355848336,2,3,2,55,1
87.9777249561927,48.490943231689236,1,1,4,60,0
17.44902801200905,36.381556884984434,6,2,3,66,1
7.175735640576725,46.130187854697894,8,0,5,68,0
14.23031056289716,38.11060291570885,1,1,2,45,1
97.87752310281546,29.585848444620023,9,0,1,61,0
43.444255623226596,9.601168456817227,3,0,5,38,0
136.74597857004755,33.334282594625655,3,1,2,38,1
43.072572040278345,31.168978297995352,4,1,1,41,0
65.53653909591111,30.123458522863324,1,1,4,44,0
106.26329857703627,24.489293399412038,9,2,1,44,0
120.18278664477369,26.43283019946378,3,2,5,30,0
121.84510729909194,16.722126355905203,4,3,3,67,0
96.25098691779428,25.965634632115158,1,1,1,46,0
90.72187577434387,9.877795283923913,4,1,3,56,0
77.7758084760355,40.25871986801884,1,0,3,45,0
83.35083228499913,9.288847734935391,5,0,1,54,0
43.464428510143996,4.248314494473321,5,5,4,46,0
35.454033497330784,21.81230131785787,7,2,1,65,0
59.89876627767144,32.915371975303096,8,7,2,39,0
54.89446132425215,21.885841246677067,4,0,3,53,0
46.40315852018175,13.83770659756543,7,2,5,47,0
80.89162342370146,27.908559194522038,4,1,3,45,0
88.65915625711531,17.350116770609997,3,0,5,40,0
62.65220658875542,46.64338450633166,6,2,2,50,0
104.32590243165785,46.1322569801786,4,0,2,21,0
25.74932657599485,25.118590998604773,3,1,2,20,0
54.19021622160846,16.394199700912925,9,1,1,49,0
38.49533038191585,36.85662069783196,5,1,3,21,0
5.0,1.835647174153332,7,0,5,18,0
57.51957942471902,23.738450302182564,6,2,2,29,0
56.34757474850149,16.816169713516675,5,0,2,30,0
105.40349229726394,46.02679425512773,7,1,5,51,0
78.92435053664333,0.6001513636341271,6,0,3,46,1
29.27439527012385,27.640743785917454,2,2,3,26,1
115.62277699002564,37.0331790533313,3,1,5,48,1
96.63101086576059,24.250899376202064,2,1,4,24,0
77.46293110405847,4.270151508136083,3,1,3,30,0
53.205477034505044,48.62306950139511,1,2,5,19,0
31.216822898295607,25.900521568804898,8,1,5,50,0
48.83379671786841,30.70931221595057,6,2,2,67,1
92.66245859112558,11.830489135375366,2,1,5,24,0
116.53758917803827,24.17490425534019,8,1,1,35,0
106.29730584816568,21.457474597916093,6,2,2,68,0
45.33451734641178,3.744792100099187,7,2,2,25,0
26.411477001329665,5.308017677373361,1,2,3,29,0
64.22658740733611,41.873625980938726,7,0,4,60,0
6.946819033114451,11.990997610329512,3,0,3,47,0
69.69503142554345,9.747913574931527,8,2,1,26,0
55.57192241103994,25.24557256250696,6,0,2,45,0
46.018904943952734,38.437356568125644,4,2,2,21,1
12.158907981996137,3.097325928949396,8,0,5,56,0
75.40800319709149,28.840395981912792,9,4,4,34,0
44.01897481014266,5.960522142028668,2,0,4,28,0
24.90249492869136,1.8230525412809229,6,3,5,19,1
5.0,2.6371976081108697,5,2,1,40,0
59.174552848480914,41.70820541042207,5,2,4,67,0
113.16754790009233,5.898624181403078,3,2,2,39,0
109.8377764364361,2.2575682206145977,8,3,1,43,1
46.28711230241184,21.894994357145613,8,1,3,29,0
41.933638189146585,42.19967359710124,5,1,3,49,0
74.06322768225071,13.120418824465096,8,0,1,26,0
30.048436824351256,21.08563087629582,8,3,2,60,1
69.05375699458398,1.9961266281875611,3,1,3,22,0
82.98240835154071,22.453925706743792,2,0,2,43,0
96.80799671652923,28.880654031856682,9,3,5,24,0
56.99537770560141,28.545352687607238,2,1,4,46,0
53.88978749469102,16.621334608718257,9,1,1,50,0
33.66052239730317,15.776659033156776,4,4,4,41,0
35.1935893788042,5.331180946829894,2,1,5,42,0
53.2056332429542,18.33991603231342,1,0,3,48,0
71.02096520448535,4.9747334436482324,4,2,2,46,0
87.40753878699749,38.329797235602584,9,0,2,22,1
35.90463147958965,48.31371488740929,9,0,5,55,0
104.78065706878564,48.503722833335345,4,0,1,62,0
51.86629196872293,43.25355496876969,9,0,4,28,1
59.358981169546915,30.039607466980954,6,0,3,49,1
37.5836496255653,35.043284862194,1,2,1,25,0
5.0,14.260290134020703,6,1,5,37,0
86.52136189083149,31.538521008631033,9,2,5,51,0
82.105316912773,22.78247747199387,2,2,2,64,0
51.5601732864536,24.100866988846626,6,1,3,59,0
62.009721516746154,37.8888280187579,2,0,1,25,0
75.47817653112298,14.095917779862582,4,0,2,19,0
13.123624293403722,15.901980584725994,8,2,3,38,0
44.128419679611156,46.23208955643183,7,2,4,32,0
83.82794038865481,2.8112147425486125,9,1,4,23,0
22.37131730492252,24.28171492066702,7,2,2,22,0
68.80673796499887,45.64004002039309,1,1,1,20,0
19.30254586129785,30.51815039090785,2,1,3,60,0
73.99289947300579,27.320353710606604,6,1,4,60,0
58.93075553107549,12.487208961467761,7,2,4,33,0
11.546045522834717,17.163774453222413,3,4,1,52,1
94.94218063371514,42.602420790234646,9,5,2,26,0
37.96225269605853,27.960906588422908,7,1,5,52,0
35.692426889568566,25.737109687838995,6,0,3,36,0
66.01707591692829,4.978985677001447,6,1,4,60,0
94.45912048286147,0.8014078227561561,1,0,5,63,0
29.52534543064809,48.184259434352455,5,3,1,51,1
61.85039549543915,18.849308364342082,3,1,2,56,0
72.86449500991719,30.160653104975214,7,1,3,27,0
80.79316821789432,3.9857536593642493,3,1,1,27,0
65.29324665831676,34.155714286152325,5,1,2,37,0
48.98916482750033,46.62833543529805,7,0,1,18,0
35.172293380538406,28.783262649870984,3,1,4,23,0
62.58431649139124,6.305766118770528,2,1,4,63,0
27.83582964043179,29.086076373673837,6,1,5,19,0
5.0,38.31736065523262,8,0,1,55,0
73.09679412473004,20.320826828700934,4,2,4,50,1
87.11804523258586,43.99188739707339,9,0,2,20,1
5.0,32.434147667868224,8,1,5,53,0
29.708078858701874,44.962445914460126,7,1,3,30,1
78.57462783015593,31.17526556236686,7,0,1,52,0
121.72486409135095,6.564398600241211,3,0,4,32,0
60.623811230262234,15.484585555259455,6,3,2,62,0
38.15991176312596,10.089747412622845,5,3,1,39,0
54.5131067668548,45.441324885843116,1,1,2,60,0
101.24629257444555,38.02000336437413,3,1,5,21,0
40.62107462626394,33.8199184455003,1,2,4,34,0
36.024239800492396,15.048315981581084,4,0,4,22,0
45.51769433453903,9.202238602510675,3,1,5,38,0
31.40014175223863,37.82255439944559,4,1,2,41,0
63.680109479843864,23.707897293953984,9,2,1,48,0
108.74035375408681,11.289477607531456,3,0,2,57,0
69.69237819348088,30.831098908263755,6,0,1,47,1
52.429394936211374,2.0166926069225988,6,1,5,59,0
51.24566193253368,16.308512706412674,7,1,3,24,0
13.104275739100288,23.427849729556733,9,2,1,66,0
86.49329331441477,7.397916705470292,7,1,4,24,0
57.66488408961594,49.23272387954198,1,2,4,44,0
54.585602592281234,10.454868229480713,8,2,4,41,0
155.7932270353458,6.517656502163277,5,0,2,36,1
68.96258725097059,10.17674369434482,9,5,2,58,0
37.44626849714447,38.45305665798621,5,2,2,51,0
47.2092721138337,21.27528296359214,5,1,4,39,0
94.45337127590264,28.270796987626902,2,2,1,69,0
63.39811231613293,1.0504578493180372,3,0,4,68,0
16.851660650478998,1.7215654286657278,9,3,1,44,1
87.5768680372561,22.291277491350808,7,1,2,23,0
39.95567743383018,40.832762160081174,1,2,3,27,1
116.19893328652637,44.26194393537826,3,1,2,62,0
92.40144197143945,4.335328379782011,2,1,5,48,0
46.580343130237466,26.918155105051138,1,1,1,42,0
98.4304908520534,45.66148431396353,9,2,3,19,0
62.0356653158221,19.398637719894317,8,2,2,27,0
85.58321025366658,41.47829157141843,5,2,3,27,0
74.54198451883424,6.68478271997181,2,2,4,43,0
34.6093003502738,46.769724483389936,1,1,1,22,0
40.69350503047614,37.57116587656513,7,1,5,39,0
90.89882452743484,47.06671963934508,2,2,4,21,0
49.95674003680377,33.83086167762532,1,1,3,51,0
47.890546102740096,18.17019659997135,2,0,2,24,0
31.346322619519412,46.909058626236124,7,1,1,67,0
72.70797196780383,13.778338815458923,7,0,5,34,0
121.87574757729435,16.60862610308663,6,0,2,28,0
27.974012572371812,35.040420900087014,5,2,5,67,0
60.72658370018274,38.26581497626931,3,0,1,25,0
102.36661666246287,46.47017419245769,3,3,3,45,1
57.61075826262854,10.240120452810475,9,2,5,61,0
73.57115388749202,39.8999017609612,4,3,1,50,1
28.128194155593608,36.927302669848174,9,0,5,69,0
72.84921291622946,3.1897278126798936,4,2,2,42,0
54.38567204986354,19.361157060510347,2,1,5,38,0
89.5718998703959,14.13827285300493,4,1,2,29,0
95.62158154694254,15.22452121770152,6,2,2,43,0
137.68690926055842,49.14734397773504,6,3,1,46,1
77.38899519640727,32.138870673996394,5,0,4,55,0
69.77388949746499,35.883807889674976,1,2,5,52,0
65.83152904732007,48.830881865750456,3,1,3,54,0
49.40501121567935,18.860089122881934,5,2,2,63,0
70.15451530385073,40.0920084226403,6,0,4,61,0
51.137957695829115,21.72654816522477,1,1,2,62,0
65.05382928808842,43.47668359074899,9,2,4,62,1
99.5279260682388,9.03287706556516,3,0,4,46,0
29.803723041610766,47.38430885321398,3,1,3,66,0
94.19635683387136,10.938585420543983,2,1,4,41,0
99.51345202019596,16.311025349046577,8,3,3,32,0
56.45794419026764,37.80961170533902,3,1,1,23,0
5.0,19.687757078270334,6,2,2,49,0
41.76534038716703,30.410568838322334,2,1,3,61,0
98.90983639683327,22.228675053471424,7,0,2,51,0
59.31395813103354,37.118496854489095,4,1,5,53,1
30.020933031152676,11.416562618430543,9,1,1,37,0
44.856752363153475,2.92289936184385,9,0,5,29,0
85.2186007951366,14.996469873653313,7,0,5,52,0
76.40200704604138,23.715433243421515,8,2,4,66,0
52.83203702490917,8.40100260963393,3,0,4,55,0
48.99526764555937,17.739864482819435,5,2,5,34,0
48.24725552868534,19.999150914678427,2,1,4,44,0
32.32769446504493,2.869592184413677,7,1,2,34,0
108.46127068408325,29.16536240921023,8,0,4,28,0
50.330385923659804,44.217171398564375,9,2,5,56,0
96.51475562476489,7.587145647652621,7,2,4,19,0
105.63948155767355,29.8904006700757,8,2,4,68,0
89.94932694443881,33.23696024554231,9,1,3,19,0
47.05139061845855,20.966734020964417,6,1,3,46,0
72.11190271009828,35.0548793682135,2,3,5,62,1
59.274131808272514,20.5365771745506,2,0,2,41,0
32.88894417809615,25.231864398871746,4,0,1,41,0
69.73077845164809,0.367652227721349,9,3,1,33,1
24.628806265205924,34.58600570673444,7,3,5,48,1
95.63038165384691,33.06713394723622,2,2,2,66,0
46.06148108104821,1.9200438663172281,8,1,2,60,0
66.03478967618518,18.412505369756655,7,0,2,26,0
68.49863614638426,48.95159203958337,9,1,3,44,0
52.23285078887768,21.03682812843084,8,0,5,58,0
77.60081404425824,25.097270256592086,3,0,1,31,0
45.75289030132427,45.49650790798593,1,1,2,62,0
86.13891892371733,35.86309379328782,2,0,5,42,1
19.620609592597546,29.10350655621118,2,0,1,60,0
63.79138738639236,39.890234067053626,4,0,3,61,0
118.16786997174854,43.218313322798664,6,0,4,39,0
29.99006026183276,22.844403586863343,4,1,1,52,0
39.667650884254456,23.75541824659177,9,3,1,50,1
75.41723548976745,19.30254678259179,4,0,1,44,0
65.38745345818793,48.33530700092303,6,0,4,57,1
70.51890297820678,34.85831271451752,6,0,2,43,0
74.67561390442991,4.1611533104036145,1,1,4,36,0
79.0416440568531,43.147981165650926,8,0,1,62,0
93.29099525868669,24.027997041813403,3,2,3,56,0
72.29455970785537,3.437695321124373,6,0,1,62,0
52.762270361443726,27.485862758165553,3,0,3,43,0
80.17721103608194,20.858213948785103,2,5,5,23,0
116.99645804685647,43.88747024313125,5,1,3,20,0
56.020987608522795,10.199730180469368,1,2,1,23,0
30.764120859880755,41.32323047460915,9,1,4,45,1
93.21242007860918,27.884434559272638,7,1,1,20,0
56.38856508139205,2.7305151606734523,3,1,1,30,0
5.0,48.59226506627423,4,2,5,30,1
85.42265031451265,25.630762205159996,6,3,2,30,1
43.94015442138232,14.543842711579124,3,1,1,18,0
57.28400153087517,23.470342099462904,7,0,5,57,0
69.95940991707043,42.89288917587445,6,0,4,54,0
65.71499039337199,15.245156219253175,9,2,5,48,0
81.28355451417119,9.633819824335015,5,2,5,69,0
46.935408882904696,6.453562346544073,4,1,3,34,0
75.39317394528248,14.892969919510563,3,1,2,26,0
52.21359967248249,39.00240435200217,1,3,2,62,0
82.16431442662508,23.581318259763083,3,0,4,30,0
78.4610245203916,11.374080184676998,3,0,5,54,0
31.93683893866214,8.30924998048746,7,1,4,31,0
92.57946348525097,16.636473825518955,7,1,4,28,0
43.92109664657856,46.99621864428544,1,1,2,42,0
84.24173394843436,17.15133562950122,3,0,2,48,0
71.01861940204022,49.40620379773177,8,2,2,31,0
115.14551030385368,24.261522788267808,9,0,1,24,0
53.29602052884444,8.958195914507543,7,1,5,41,0
49.520496116454076,44.55700458967547,7,1,4,66,1
59.41741182336802,23.017768656741346,8,1,5,53,0
50.90460651497174,35.48356717522622,6,2,4,59,0
83.9982570582615,49.185579160457586,3,1,4,59,0
11.510681746902364,2.5087675159987,1,2,4,64,0
28.389527425609376,4.834727989378357,7,0,4,69,0
27.96591235262421,36.02283707313781,1,0,3,61,0
88.50922775920728,14.0912501647736,1,2,3,58,0
111.31840117745776,9.215069847504953,9,0,1,20,0
56.866523443875856,1.9680939909864748,7,1,2,64,0
54.93534830429968,1.0923355993100903,4,1,4,61,0
62.10156489339544,38.72428015598955,6,4,5,43,0
94.85634907824571,6.7216713684775,1,1,3,64,0
32.17940597428277,23.386030798557545,7,0,2,43,0
67.15106948204355,30.29484075897415,6,0,1,18,1
89.25592889347288,21.417590028442312,4,2,2,32,0
75.03282509819536,1.3553326168116553,7,1,4,28,0
65.68744849796231,39.175075129395445,3,0,2,54,0
90.03138277701424,0.5256612270826744,1,1,4,24,0
5.0,38.0944947188742,4,0,3,29,0
80.33625958592722,44.66522468940614,3,5,3,69,1
40.37772950617729,21.641996052858616,1,2,4,55,0
5.081013094306293,26.777123654889913,2,1,5,20,0
75.33607798574943,23.849169630882688,5,0,3,59,0
101.20975635488873,19.460430931171942,8,1,5,43,0
55.87654456116925,44.371226768518014,1,0,4,47,1
88.58623641608817,44.69667553349952,4,1,4,49,1
108.36834773965936,16.790818232076727,4,1,3,53,0
99.44743360752142,30.7534877007349,5,2,5,62,0
109.19893588114178,46.34537810729321,7,1,4,68,0
82.26382473215676,48.10292494706758,8,0,3,54,0
62.263009167047784,25.447952021102378,6,0,4,35,0
11.941025643084949,22.64124026421634,1,2,2,18,0
52.618125356101544,13.934715796426289,7,0,2,38,0
34.702602140514244,47.9435936595205,3,0,3,45,0
125.12828152493441,7.140715223643368,6,1,4,65,0
54.723425627029904,28.99147880238625,8,0,3,33,0
63.69614420353457,14.127513375931944,7,1,1,65,0
76.54456128121403,13.95041451738983,6,1,3,45,0
61.308073391173615,20.248429368809422,9,3,3,39,0
110.8515312129226,49.939646790782724,9,1,2,36,1
41.320519147966436,2.7483153419911033,1,0,2,65,0
65.83822365711728,28.927090910176574,1,1,4,18,0
37.72588242905855,4.128607901763859,1,1,3,48,0
20.399324663378827,7.726041499525948,8,0,3,69,0
41.64692727284144,21.978147088644935,7,1,4,69,0
58.88889608854764,25.523006567322064,3,2,5,59,0
47.120933264482204,12.9396204182262,2,2,4,51,0
39.22737060378432,15.822856543720809,4,2,2,63,0
17.810476089844983,4.348351012796653,3,0,2,57,0
57.506832821139156,15.160989192212526,7,1,3,23,0
14.858388779069934,48.3279219690272,8,1,2,45,0
82.80167891068808,47.235369083624086,6,2,4,20,0
62.4731925880351,16.74391450684925,3,1,3,48,0
16.273455016052083,28.54269681393808,6,0,4,33,0
50.7237276885041,45.479769555547215,2,0,4,34,0
37.435307832282504,0.3091911320448337,7,2,3,61,0
69.57523531257542,40.53417851687959,7,0,5,44,0
100.21351338069434,47.418477639445946,4,2,2,68,0
5.0,4.566286716677853,8,1,1,41,0
63.450782374422516,8.072384301646052,4,1,1,37,0
55.19601613300079,48.03731513856777,7,1,1,49,0
80.14020229351397,26.877007182017316,4,3,2,52,0
66.39589884713067,0.7098317235861851,5,0,5,30,0
37.44092004783543,12.881599938176457,7,5,4,65,0
50.42838193000146,22.49718371344298,3,1,3,60,0
36.11922429589533,34.64544555123838,5,2,5,37,0
92.28021415795794,36.65801890683998,3,0,1,65,0
60.639349460158265,49.771075646272806,5,1,2,69,0
117.03572057259022,14.37555996918795,3,1,2,19,0
58.18017558556138,26.91100509342376,7,0,3,21,0
38.74779699268612,26.666177392980252,1,5,4,44,1
14.588568221615184,20.282262972361874,9,2,5,42,0
5.905809712321648,8.45809469212101,9,2,5,21,0
12.475921709835305,48.872828159192125,5,0,5,49,0
68.0137995303445,42.6658593333293,9,1,4,34,0
75.26175069689802,24.91665141471186,6,2,4,18,0
12.564278939036,30.16227113420149,5,2,4,50,0
86.85114942228347,11.363052677983115,3,0,3,47,0
45.508168449496814,27.189353519587346,8,4,2,22,0
64.40379035956649,34.74850665607379,4,0,1,29,0
108.36661884766272,25.75835141932944,3,0,4,55,0
86.90517947596595,49.514258529247066,6,1,2,49,0
51.94408056282503,30.56708281238631,8,0,4,55,0
33.264233237541376,18.548685629608453,9,1,1,34,0
5.0,38.607601380791905,6,2,4,62,0
38.42540042272739,8.523125579082102,5,2,2,57,0
53.66609283516917,19.225790685313328,2,1,3,49,0
30.384614185464482,17.34794751887929,2,0,1,41,0
56.06229098723086,21.590354755388862,9,1,2,29,0
62.305556488763045,39.08899129643631,2,1,5,64,0
53.25432054575764,24.208651608170374,2,3,5,48,1
40.49992257529621,39.70072251329814,3,1,5,36,0
65.05964015900183,28.824445156993296,3,0,3,46,0
73.25821948708227,17.103471732877768,4,2,4,38,0
27.28802767671462,40.49893718417362,7,2,4,43,0
102.3279713923881,11.914483527654578,9,3,4,69,0
57.042356031472146,11.219148989989774,2,1,3,45,0
60.56548868834543,25.22514620274179,4,1,5,34,0
81.24643269769672,13.042462298104446,9,0,4,26,0
66.99648393790505,0.4543517475608161,2,0,3,38,0
88.59409901739735,32.41487636494008,1,1,3,67,0
68.61372495605472,25.5546910736199,8,3,2,51,1
41.626878760786866,22.27589072465806,9,0,4,28,0
70.84510575618305,48.348425730915764,7,1,5,37,0
25.688213780380146,28.559959198145684,8,0,1,66,0
63.256791173295696,43.171578889469224,4,3,3,67,0
59.003100280666175,6.972511810258009,4,1,2,64,0
53.756494281823805,28.460323156471386,2,0,1,56,0
56.143874656832075,43.39898133654515,8,3,3,33,1
5.0,29.1552878639949,2,1,2,46,0
43.538252767771155,35.900708906350076,9,0,4,18,1
62.78534703423344,18.60217839061037,4,1,2,35,0
64.79569175992201,4.622475851853331,1,0,3,39,0
29.169745772221255,22.89501475635357,4,0,4,25,0
97.97123522594103,19.723969541942875,3,2,5,24,0
34.01475455356497,43.35300911894737,6,2,2,42,0
89.08371601580211,12.199765117623611,7,0,1,47,0
72.81583085615054,48.3367113767554,8,1,4,51,0
40.61318070468591,47.90690599022481,2,3,4,61,1
113.25932677828536,12.381582153571935,6,1,5,65,0
24.190895047305595,17.402597773866024,6,1,2,58,0
87.57462520830005,44.777787043694254,5,2,1,69,0
90.01746954128934,48.331111044805375,7,1,5,28,1
39.881393727700654,22.1719551418022,3,0,2,32,0
101.77395900192985,16.049852282044892,4,1,1,52,0
52.49860456203142,26.3047006625771,9,0,1,40,0
68.66080887839571,34.38846031828674,4,2,3,62,1
67.80965516313663,13.67372576874899,3,2,1,38,0
55.97073775588357,36.82365873095364,2,1,2,45,1
84.32424819479346,2.5828678557320517,5,2,5,30,0
83.80466161656639,2.4647246382208223,4,2,5,51,0
7.544040802854575,19.314385257277262,8,0,3,55,0
99.13020728634459,17.67365960303603,7,2,2,23,0
10.125240358929773,15.781660768357614,6,3,1,61,1
90.97638613024972,24.5509881334455,2,0,3,21,0
93.8011541048275,16.03667911557856,3,5,4,22,0
27.27100709354405,9.612895923404597,9,2,2,57,0
47.67557136136246,15.473477454430046,9,1,3,23,0
26.828859945421925,48.74521364051175,5,1,5,38,0
53.55236909133794,20.55567084974243,3,0,3,45,0
50.75897147442776,22.23563884291679,2,3,4,20,0
83.3898159680802,28.827249497557002,8,1,2,40,0
99.30926238358825,49.16703842071133,6,1,3,25,1
101.87051432369869,12.080063821788151,7,1,1,36,0
43.13495920265093,34.06410552662169,1,1,2,28,1
53.72334378766416,35.799234677086204,1,1,3,67,0
9.496854233371494,30.366220839653295,2,1,3,27,0
35.82389800511434,4.428916981832204,3,1,2,45,0
88.94554899292373,33.84361379137882,1,2,5,37,1
108.46748470644695,3.204735551808774,5,2,1,61,1
22.969533843602342,29.807132477494847,3,0,2,69,0
42.226072225413176,36.97905886108713,1,1,1,45,0
59.20782729123219,10.548494530997521,8,1,1,46,0
68.4048347645882,42.0811003771387,6,1,2,25,0
35.711894402350616,1.5176902766502132,9,2,3,36,0
72.7218313339227,42.1906431829153,3,0,5,65,0
45.78481958787252,23.016452532138253,9,1,1,38,0
59.566431873651624,10.879396996582225,9,1,1,35,0
76.38852744011099,6.6889072496984,1,1,3,26,0
60.192668094328134,47.66535837911863,3,0,2,21,0
46.90842328420294,3.6332793790578357,6,0,5,58,0
56.711705882225075,9.954670996796283,8,2,1,42,0
57.34911122383994,17.3911173716523,4,1,1,51,0
48.89966910353617,31.011742448056022,5,1,2,26,0
52.236118119986926,27.240054263804918,9,0,3,26,0
107.95941511514151,6.282174620615699,6,3,4,35,0
76.82758343823716,14.486399186910731,7,0,3,28,0
51.13559045912519,11.937588554301204,7,1,1,30,0
80.90863213532207,10.677142724517068,4,1,1,55,0
49.9854153073197,20.55721682399935,4,1,5,26,0
95.19373912759923,35.20157262958284,4,2,3,33,1
71.08926576594281,10.872646610861796,5,1,4,21,0
56.78093567987313,18.33394398514907,5,0,5,51,0
73.43150777430833,19.545871342058113,8,2,4,24,0
12.873715437945023,48.82282647177051,9,0,5,32,0
26.19697593270584,47.733317843953444,2,3,3,55,1
24.182249808028338,40.006879137603796,7,1,1,28,1
64.2882928429112,12.082946040959259,1,1,4,49,0
111.97544998455277,3.4018657045834844,1,1,3,44,0
126.93900438577897,15.845206886031239,4,2,4,47,0
79.14153304322272,13.339727471691543,7,2,3,69,0
75.0253342483337,25.296290007319694,2,2,5,34,0
5.968267975417831,38.88639550338965,2,0,3,53,0
43.71978600797935,42.9161469439429,1,1,5,36,1
36.366487442752835,42.243204270525425,2,2,1,24,0
41.37457205246652,17.983778061153387,7,0,5,60,0
54.955685442456314,34.361717173034144,9,3,2,62,0
45.83728266908618,15.641709876211001,6,3,1,38,0
5.0,3.0452771617591354,2,0,3,45,0
82.43730768352602,35.07826328014711,9,3,3,20,0
27.817709227805807,0.49137762848939226,7,1,2,31,0
67.17740592333449,20.45912937292443,1,0,3,19,0
122.22248009249921,16.468963465103787,9,0,1,46,1
32.418462252407295,34.66887692594262,2,2,1,35,1
5.0,38.312273638018944,4,1,5,54,0
51.41987334359668,15.204731798564191,9,1,4,62,0
93.02878904995714,40.581350722242675,4,2,3,62,0
118.75042362661782,14.695838025246688,3,1,2,41,0
23.113512166427498,22.31631799932806,1,0,1,63,0
74.90097669709564,36.3509263507067,7,1,1,29,0
46.0406862965984,34.64601146123943,6,2,1,62,1
56.82154937087593,49.36842361561,4,1,4,49,0
139.33030041051103,11.258051210796594,6,0,4,35,0
14.910890148145405,33.115895676979115,6,1,3,30,0
67.6121898448372,30.48409541378887,4,0,2,21,0
74.030795152963,45.7549227245015,6,2,4,40,0
92.57358974818041,7.818107082243753,8,1,5,27,0
62.939494604126864,37.58990817934665,3,2,4,22,0
69.24151618512307,28.413430813438417,4,1,1,67,0
48.25054297734627,13.73329348939527,1,2,2,57,0
68.07380823735322,23.721745707358703,4,3,3,31,1
49.704231735077684,16.68882985348989,9,1,4,51,0
78.64715669568153,28.965670139423043,8,2,1,45,0
48.91168991869098,44.450030540733295,4,1,5,25,0
71.31301181706559,28.4652492206101,7,2,5,33,0
59.12211558945065,31.586120916329204,3,0,3,48,0
93.78150752316505,25.937392355735472,9,1,3,24,0
58.45818829234541,2.5582753222737953,4,2,4,20,0
6.809025953793558,11.642927843804712,2,1,3,46,0
97.85764502141976,24.600086471604136,5,1,1,53,0
32.82803097412143,15.511764187235238,2,2,1,56,0
40.387009840535406,9.088179888059711,6,1,1,21,0
42.13016117869523,25.206642095921914,1,1,4,26,0
101.23314279512452,16.140489672392516,6,1,4,34,0
5.0,12.905382158670736,4,0,3,66,0
154.1324560097998,23.19927087201904,3,1,4,37,0
91.68170427198156,6.664212904108657,2,2,1,31,0
66.69716742387479,46.38728665377037,7,0,2,63,0
58.35317998151141,43.38510489596195,9,2,1,46,1
68.5666222457297,35.38102928702676,3,1,2,30,1
75.63367285138015,5.310691379422811,6,0,3,53,0
79.35646757850171,38.79386272348465,9,3,5,62,1
76.66813398010345,40.39786640545095,2,0,4,34,0
62.687420437657465,38.38823088571689,7,1,4,64,0
54.079847390780216,5.698294355962058,5,1,1,67,1
55.46180149039465,32.195397853388236,5,1,1,60,0
54.152751589419566,41.71623978746993,7,1,2,21,0
94.01310290601194,28.867670060983386,9,1,4,37,0
77.80670166842586,32.32036876140445,4,1,3,28,0
5.0,22.91817397131531,9,1,1,59,0
79.67702329589284,26.43536599420263,9,0,4,39,0
65.84208584156325,1.7188429175862607,4,1,5,62,0
59.438737306623075,31.94815109866423,3,2,2,25,0
48.34444640733342,4.07236064455796,2,1,1,45,0
93.7233815995804,21.75072971701117,9,1,1,62,0
88.42579386368574,14.632754883370392,2,1,3,58,0
36.81366996529172,27.271397510585654,6,0,1,47,0
72.21156861373605,6.670816776160354,5,1,4,50,0
30.85029796376142,34.58217009866591,5,4,4,50,0
18.611455056332083,39.75057684642352,4,0,4,64,0
41.198483262301046,8.167722487157825,6,1,5,53,0
85.87180417148276,5.215654367594108,5,0,5,44,0
88.5937513612826,7.275774139367957,4,1,1,37,0
75.39256260291879,43.856378094925084,9,0,5,50,1
81.75287360543992,26.40946308781781,6,0,5,42,0
75.48534861344875,23.36304980037513,3,0,3,61,0
40.755552143311434,5.335590955117714,6,1,5,60,0
72.95767634021821,32.47780033784809,1,2,2,36,0
84.01228575683047,43.3999795947545,5,2,2,64,0
82.62873989440723,41.40929346617265,6,3,2,38,1
95.66740114423928,31.302735449040064,8,0,1,59,0
81.24911541603191,3.763935832583681,9,1,4,50,0
70.54344622624748,5.6198513588006485,3,1,3,20,0
92.10450714949283,2.465449355491234,2,2,1,31,0
59.2043622225282,12.873960824623465,4,1,4,32,0
33.54376046316847,6.783073358018887,8,2,3,50,0
55.10799108168708,13.002402012621694,8,3,3,59,0
37.652920655806525,19.252902785948084,3,2,3,39,0
39.744651750768554,47.149139203556786,4,1,2,18,0
55.664439878534466,30.518802989084605,3,2,2,48,0
36.22740237000116,41.748689284148114,2,1,2,64,1
50.76115411082879,35.51757503561661,4,0,3,52,0
5.0,5.625156526331587,6,1,3,37,0
66.39881122118815,36.796020318697444,5,1,2,49,0
60.03616426086673,13.754944077956221,3,0,3,29,0
35.48734106795428,31.955392349735316,2,2,2,68,0
79.77737005297215,17.048098682149426,9,0,2,33,0
88.12710412879676,49.88361316323296,1,0,2,25,0
11.773204068930774,13.177573974838891,9,1,4,31,0
37.118256643013574,13.956523538713483,1,2,3,35,0
36.92572950638105,46.53361277811992,7,0,1,47,0
31.80290696673406,1.2322202318161335,6,2,2,50,0
84.88424525795246,34.834449393659845,7,1,1,51,0
54.18521583681589,36.26631953679391,3,0,4,61,0
52.06455476068167,41.81892887051997,3,2,3,66,0
5.0,48.721965531923765,1,2,2,51,0
79.0625409062768,48.78009595783262,4,0,2,66,1
22.822248154395822,3.2638378783231947,2,4,2,24,0
61.79797890798985,41.09196613764512,8,0,1,23,1
68.32130813874575,32.31549668286907,3,1,4,23,0
100.81975787515952,32.36710671865456,7,4,3,39,1
20.73538802642664,6.41749633073474,7,0,4,25,0
5.0,32.509358322282665,9,1,2,54,0
65.51548634261084,49.12412903006239,6,3,4,32,1
114.0153354453256,45.59092847697235,1,0,1,43,1
97.16839058818312,21.956533040242526,8,1,5,56,0
66.28978245823878,1.997398664304717,1,2,5,20,0
45.25091443103858,18.114674500010242,3,1,3,27,0
84.21367789911932,41.31951558002776,5,1,3,20,0
30.79361400886594,35.0749550732583,8,3,4,47,1
74.29073308068658,22.96718277969782,9,2,3,63,0
75.1641047749988,2.7550767579415547,7,3,1,39,0
91.80629722496639,21.34473639116513,9,1,2,20,0
142.7898011673323,23.451246985894176,3,2,2,18,0
71.77247901536302,46.427776644706796,5,2,4,50,0
44.731091228775036,32.05430517910797,8,1,2,36,0
59.23277063424017,15.582645832732444,1,4,4,53,1
6.9277228533264505,26.26591322253607,8,1,3,51,0
39.15860606732825,3.3027653911080037,7,3,3,48,0
47.72152685660688,48.62841178248684,1,1,1,60,0
44.27734806196223,18.0029950965363,6,1,2,41,0
64.57064616101167,23.89336774565679,1,0,1,29,0
35.32740202853398,17.76419871184613,2,2,5,30,0
93.63092001973413,34.125586505810006,5,3,1,33,0
60.006211947545914,33.11160791647965,2,2,4,33,1
59.720990365841566,35.76611552645678,1,2,4,68,0
50.16315850461247,13.407161480596042,6,0,1,69,0
64.65572051576937,15.783424058203298,8,2,3,37,0
84.75294794002905,6.2625615548103974,8,1,5,58,0
33.986093528672995,32.77549859230563,8,0,1,65,0
40.2565053277423,1.9898563667826275,6,1,3,44,0
50.88821913670006,29.884116776172952,3,1,1,56,0
19.62387229580355,43.48479424258169,1,1,2,30,0
35.42226420835507,44.541607414481675,2,0,4,21,1
45.71337379366023,22.451888018498085,5,2,2,49,0
86.23167542138182,22.965184410653688,5,1,2,62,0
67.87683987005775,3.848459150400868,1,1,5,57,0
65.80769734102633,33.53825127215179,1,1,3,51,1
85.52693886503917,41.06297101864227,9,0,4,56,1
55.8788463480181,12.232752730235653,2,2,2,60,0
71.71394549786669,21.065044081668233,7,0,4,34,0
56.90334741202511,41.94196683826352,4,1,3,41,1
67.96087048198885,43.8560233831144,7,3,1,46,0
42.51724027165254,12.158999013211297,8,2,2,63,0
5.0,27.528531727068213,5,0,3,45,0
55.97162513441088,9.624657531791353,1,2,4,62,0
102.6824440829982,5.093938206977827,4,2,3,64,0
87.78646206724777,45.55602506959788,3,0,1,39,0
88.96192453773511,41.02537521160546,5,1,3,45,0
97.08392165418653,38.00174509015869,6,0,4,42,0
62.65972772884312,2.438315940657021,2,1,2,58,0
65.91947122216787,42.186439635512876,7,1,2,20,0
41.47044313696949,21.902203795269187,3,1,5,30,0
50.5178143191885,17.11975616479298,1,0,4,48,0
78.47313449313424,27.323818051268823,3,1,5,30,0
96.11653311506448,4.567662136177791,9,2,5,58,0
55.81661172957001,37.83232746761994,6,1,1,35,0
46.494322054457655,29.121753844414794,6,2,4,54,0
60.01583876569792,9.329504843658377,4,1,2,60,0
78.03620246787344,9.41160998845228,8,3,4,51,1
16.684355515993744,9.212432578633711,5,0,1,34,0
5.0,2.850119377596699,7,0,4,69,0
43.483894515252494,29.38992246858424,9,0,4,38,0
23.37862722257524,42.0174088794254,5,2,5,53,1
44.75579407058068,0.87491069936943,5,3,4,67,0
55.56659043547585,2.4502322485636774,4,2,5,69,0
46.402547729309596,28.63851383434729,6,2,5,57,0
103.57402603412237,40.97478426930262,2,1,3,36,0
69.8023429380696,16.33694452843168,3,2,1,29,0
69.01423078832485,17.48071994038611,1,2,5,45,0
78.66621432130205,29.817324874838796,2,0,4,28,0
25.835006466576928,13.71064445620735,2,1,5,65,0
91.17335362260806,1.3304183038842066,8,0,5,54,0
57.7270714039362,36.761425905079804,8,0,5,45,1
80.11441851723637,31.282495647072654,2,1,2,52,0
27.844283008795337,29.037799952782954,6,3,2,61,0
13.387237019518068,37.08420644959116,5,5,2,32,1
84.53668974075086,33.76154187810187,3,1,2,33,0
71.2922857829255,10.294099408916058,5,2,3,62,0
32.93845336927469,17.624052347167556,5,0,5,24,0
33.91010756175917,6.30550708393125,5,2,3,64,0
93.76304353244308,6.492850670894051,3,2,4,20,0
24.317643213980162,33.80978731782696,3,0,1,48,0
109.2801885976789,42.93000534912491,4,0,3,29,0
32.98137796056394,48.136629193056955,7,0,2,25,1
79.15175776825149,31.417355877472218,2,0,2,42,0
50.14144572753046,9.205066168047848,4,4,4,61,0
78.09562293247029,5.282517272446535,4,2,5,67,0
43.67657993657422,40.64254857683789,1,0,1,52,0
55.116212817831176,28.937823817999963,8,3,3,29,0
61.227575261871635,30.91425105068599,1,0,5,38,0
29.934376326555817,39.07310443773546,8,2,5,43,0
82.22473036260378,35.16386138662258,7,1,3,19,0
44.603593005852446,41.72291264280483,9,1,3,31,0
53.14200253979944,2.810695272993924,8,3,3,63,1
30.169518761744634,37.37603183732524,5,0,3,21,0
5.0,42.54263786610477,8,2,2,34,0
54.269167121994926,14.306752122915716,3,1,5,64,0
132.37846264838748,32.02236369966264,7,2,5,65,0
83.53812863694071,15.708103191848604,4,0,2,22,0
59.42218860796816,47.8985533241227,5,2,5,41,1
52.11327512375197,1.6711786217751878,9,2,3,66,0
60.67397678436139,28.989642191647754,7,2,1,24,0
76.4135734552563,8.325177352475755,4,1,5,40,0
24.575615540734653,35.61101025885793,6,0,1,64,1
93.42965084006616,8.794514170933104,7,3,1,34,0
81.46143946323733,11.769163094917879,9,0,2,29,0
81.54557177123803,24.718540552287905,4,0,4,28,0
73.15427216429183,45.7417474998439,3,2,5,68,0
60.5884997308197,10.585718607398542,8,0,2,28,0
80.1858370790046,7.212001055905176,1,2,2,51,0
77.75442401224134,37.948841592701534,9,1,1,64,0
49.37877867176928,25.03097661669655,1,3,5,54,0
42.79194681309297,45.58925561908857,2,1,2,67,0
63.0556888578596,7.330727857992114,8,0,3,46,0
106.47060454485562,32.296394651151964,9,6,2,65,0
22.826787730382975,11.643957307590751,7,0,3,53,0
15.974242027426797,7.838021432581965,3,0,4,44,0
64.9428252370955,34.171470757863524,7,0,3,59,0
61.52663105568054,29.68423099543666,6,4,3,39,0
65.20024993111224,37.74137291811656,2,1,1,19,0
67.31859593725501,15.473128822309118,3,2,2,64,0
53.30393236095585,22.398582819109496,5,0,4,53,0
104.69590315806246,20.273583816520922,4,3,2,65,0
11.972880645704535,49.20447319832571,2,1,3,47,0
35.14508925659262,14.612447836969395,4,0,3,24,0
56.90235719552858,14.740861917338343,8,1,2,29,0
10.704335665374984,17.72741044143037,5,1,4,20,0
54.72436786703786,28.229704064516074,5,1,4,34,0
109.84410497184055,12.616137213187262,3,1,1,58,0
60.62659464887885,45.764497018963695,8,3,3,49,1
66.92102717156051,13.284278243313175,6,1,3,25,0
22.19505704482259,44.79078657800974,2,2,1,40,1
41.509157758815675,5.173753182329232,2,1,2,55,0
48.74410859028189,32.82813511998262,9,1,3,47,1
50.46854709731298,45.34927592191219,7,0,2,32,0
98.44931385011306,8.437471919911477,9,0,4,27,0
76.73073182175374,48.41634800496275,6,0,5,55,1
26.656261291889038,22.644168020775584,5,0,1,32,0
67.39514335296015,47.285755422051224,1,1,3,47,0
74.94665245490356,33.84100218150235,6,0,1,63,0
94.204471155638,15.079343493677577,6,0,4,43,0
107.41622059705121,9.41512624585532,3,6,4,68,0
29.54717424516394,15.18675231125497,3,0,4,62,0
35.67427466368986,4.650870463133749,3,1,4,31,0
22.27266423256151,7.193398317166489,3,2,5,20,0
52.97940422679056,5.233022017324057,7,0,2,53,0
73.99075123339003,21.147177187077887,2,1,2,43,0
89.62003549767306,39.77891881287932,2,0,5,31,0
57.721469290724315,7.0691777108170095,3,1,2,48,0
50.40457430235468,6.516021658616794,7,1,4,31,0
64.55273976746221,32.171447475866536,3,2,2,57,0
34.94571295109931,9.859149098403314,7,2,1,27,0
122.6861616508432,4.88050190544958,9,2,2,26,0
11.77016918645824,8.342428910278882,4,1,1,63,0
65.54221736687174,46.18656979383881,7,0,3,57,0
120.70818657688918,41.07356263880954,9,2,1,60,0
60.203995336799935,17.703228117754705,8,1,1,59,0
54.298828949955166,32.79103836636964,8,4,4,35,1
49.27663731568718,26.863783683401905,9,1,4,53,0
54.58824954712777,33.8562131741282,5,1,4,53,0
101.18545424029591,34.13355762313797,5,1,1,29,0
5.0,31.43670075299965,3,2,5,67,0
106.00301103888977,13.305068426865429,5,0,4,57,1
17.28128542649565,1.9503210381409064,8,2,4,20,0
52.00043012296756,22.77833909950544,5,1,1,35,0
47.122667391040146,44.54869423453519,4,0,3,24,0
77.65659809312159,28.474862925928797,8,2,3,48,0
12.056269443487572,41.61955208509539,7,2,2,18,1
73.86517998245829,49.581217148061405,6,0,3,48,0
120.72928869860557,8.180810206913813,5,0,4,30,0
19.104779862215686,34.58888195709912,5,1,5,46,1
65.69118502831186,33.71467868500123,2,1,2,20,1
40.14053466610173,48.997772367913925,4,2,5,46,0
72.77661618579107,49.280036697640014,8,3,5,52,0
60.574433322472565,34.33393058620647,8,2,4,32,0
40.755392728670714,12.180739599109714,1,1,1,38,0
74.63616854613223,39.927791906529954,2,2,1,36,1
114.1304432936023,5.351456710551905,5,0,1,45,0
54.27288624818104,39.03496520858143,9,1,3,21,0
81.59273826444546,45.509806207234824,7,0,1,62,0
21.20181126386509,19.14166973842176,5,3,4,30,1
31.306908695459736,31.53176474915402,1,0,3,32,0
74.17218833641132,21.507136604841314,6,1,1,68,0
104.52348085607895,21.888252749406423,8,2,5,65,0
70.6684004635698,15.518544455406003,7,1,4,56,0
50.608259084305374,38.10648102251623,2,2,4,49,1
59.97874216270062,46.80882820832526,5,0,2,20,0
22.487767980908473,47.037542961723055,4,0,4,47,0
78.135459790661,8.739064243746691,9,1,5,37,0
86.46999186970227,43.7371824828283,1,1,4,19,0
46.43729001500759,36.871572071356105,6,1,2,67,1
45.898735567214956,12.641870034514463,3,0,4,42,0
67.97634688956146,3.3642306460757276,9,0,4,28,0
46.898407918782134,13.399863344218899,5,2,2,18,0
58.01602156122533,45.61041183907628,6,3,4,65,1
122.99165367499546,31.658933744788616,9,3,3,66,1
52.5892289776201,36.05273304489359,9,1,4,65,0
49.24979543936333,12.857617555454793,8,0,1,27,0
40.57374583094523,35.969407778741015,9,4,1,34,1
82.3257591449981,1.406075313896188,4,0,3,47,0
54.563274803456906,18.76606728865069,6,1,4,52,0
40.51880885035722,31.33766742711656,5,1,5,67,1
99.63912096819035,7.304828277066012,5,1,4,36,0
102.58809013540912,41.15017872234674,4,0,1,63,1
41.987293027838845,11.751564940595932,2,2,2,51,0
5.0,32.61405564092231,6,1,3,49,1
90.22541069510766,20.259857128766484,9,1,2,29,0
39.46110522719988,29.802179773882358,1,0,5,60,0
83.71876797488306,5.372527631445406,7,3,4,34,0
5.0,0.8456399960803662,6,1,5,23,0
86.77792014897928,45.47822136901506,3,0,2,68,1
23.664842121576562,13.48150043835914,1,1,4,30,0
81.92292357199574,40.983850139022955,4,0,5,56,0
60.428192035093026,49.96751502361001,9,1,1,39,0
31.381817418100656,10.571562899945558,2,2,1,28,0
47.78891061219659,13.25853705916778,3,1,3,24,0
80.58955370870103,33.14298938173329,2,0,1,62,0
63.176833593457026,48.27243173003106,2,0,1,62,0
77.53238941417453,45.790717409537194,8,1,2,38,1
119.29321753546456,25.143776003279246,3,0,1,18,0
13.072751648668458,39.75551412633623,7,3,1,47,1
108.51637724905872,6.787292654995053,8,2,2,36,0
63.13067812569639,48.87190921020061,3,0,1,68,1
33.03647855030616,48.21766170179932,2,3,1,64,1
20.090591227830302,8.186447893958547,8,1,3,63,0
54.326388276688995,14.97115624015533,3,0,1,46,0
87.64950335773378,5.007749875338346,7,0,1,52,0
56.17352638867398,13.585879944908985,1,0,3,37,0
105.33464790742042,40.79778947076033,6,1,2,53,0
16.464729298453236,18.915780358262975,9,4,1,56,0
59.637331564618364,4.419848357337919,3,1,5,18,0
22.42819666760643,17.111276238945226,7,0,2,40,0
70.90895647874903,49.069166712064,6,1,2,48,0
86.60662170291901,31.484179762960146,8,1,1,68,0
47.3771461895684,20.80804732030789,3,2,3,52,0
5.0,8.3269256748635,3,0,2,69,0
65.96844440389484,49.30883986418474,4,0,3,64,0
73.10215655200528,41.042450463156435,3,1,5,62,0
72.12884264885093,14.07386512254597,9,0,3,39,0
97.07346575466462,3.503434786059473,4,1,4,63,0
27.86838961052853,2.8312778688779017,6,2,3,24,1
80.40648316351349,6.018907475276691,8,1,2,50,0
95.77522537433924,29.03842918072108,8,1,3,62,0
6.642372479804493,46.43817106027462,5,0,3,53,0
69.58955477756932,24.837171400299223,5,1,4,61,0
44.874605069769856,42.14727412280986,6,4,4,24,1
57.55431980695062,22.294330992990393,7,1,1,44,0
70.43029450615009,35.42917728839126,7,1,2,19,0
45.38314307659343,36.59363686432504,4,0,1,34,0
39.728757625151644,8.698185295166933,6,2,4,18,0
61.02457252464074,18.060802948790588,7,1,3,63,0
27.382621834115923,31.865107826901195,5,2,4,47,1
27.42524613344444,3.5348304092183094,5,2,5,39,0
80.3811984886951,18.07700938814783,2,0,3,45,0
25.536178945240316,26.739973314059622,7,0,1,50,0
79.98937502727635,49.811224652231935,6,2,3,43,0
73.87773878561853,23.726678131122036,1,2,5,52,0
8.225798136282101,40.80283785571618,4,0,4,28,1
39.673060429930345,21.603364253330888,3,1,2,24,0
95.82328209142118,39.81953613098545,3,1,2,45,0
30.565034065809552,29.77074008100542,7,2,2,42,0
46.06787213071837,44.32977207511992,4,1,4,58,0
73.86182679755689,20.547127617505495,8,1,2,48,0
83.50171527847786,30.21522099107394,9,1,5,20,0
52.45383341866513,31.50093403094137,3,1,4,50,0
42.074694159250754,20.869147090023667,5,1,2,68,0
102.67109585095523,7.215602184374076,4,2,1,51,0
112.16698991392737,4.677970345616778,6,2,4,38,0
89.36574152345386,0.833577529981655,4,1,4,54,0
62.559544276950724,43.67671321226073,8,2,3,66,1
35.75202835077221,11.823745611934728,3,2,2,36,0
35.086667803303044,10.575337464088403,5,0,1,54,0
75.67542315797273,36.80177002130328,1,1,5,38,0
72.55194662666051,16.000805654369586,6,2,4,31,0
102.04795778839289,25.30223462059183,5,1,5,27,0
79.51350277608418,8.125553264872815,8,1,5,24,0
14.907590947205463,47.98728607309846,9,2,5,46,0
91.55842853168755,42.57907000086187,8,0,3,57,1
30.058181180567612,43.18948114825017,8,3,5,25,1
48.48086184142945,20.33868742860026,3,2,2,56,0
67.50600618755084,38.11806068535864,4,2,2,30,0
119.87002469351893,7.193807769489008,4,1,1,63,0
153.29755668016082,0.4309501295890139,5,1,1,36,0
78.20169177408548,0.9986466289014062,9,1,5,28,0
54.50410143838836,29.330086870228023,9,3,5,19,0
76.0351694544165,22.76974526239704,1,1,3,66,1
86.62966277621508,25.900767445425988,8,2,5,23,0
50.37997123328425,0.37315702086097025,1,0,5,46,0
113.85634067736967,21.134330982871287,2,0,5,58,0
66.90212277574206,35.90340806004304,7,0,4,68,0
74.93229267274182,22.134685098371794,8,1,4,22,0
79.97772756163384,36.610960315611116,1,1,3,58,1
72.64759831843367,11.65094821984174,3,0,3,47,0
85.16821501408836,40.65710022408627,7,2,2,56,0
41.482404403592305,29.421562022672614,9,1,3,53,0
43.250947381619085,10.538154971495311,8,0,2,44,0
26.99537301084915,11.836023792691647,8,0,5,67,0
73.18503691860678,31.40152322847685,9,6,3,35,0
83.36809510536342,41.496979660622166,3,1,3,69,0
73.73318598455657,20.78138910145776,8,3,3,66,1
110.23477300042612,12.91502145637961,1,2,2,53,0
59.832119435128604,43.35058034553002,8,2,2,33,0
80.06224966777538,33.46341458754175,7,1,1,22,0
27.24897371582057,22.404274364153824,8,1,2,26,0
48.38700892576797,24.395009763965092,1,1,2,51,0
80.86613272697332,10.21282339681982,6,0,4,51,0
85.47306332229432,31.340131503242198,7,0,3,53,1
51.18099157007453,17.93712552714443,5,1,2,48,0
57.852022444258,49.782258833717464,5,2,3,69,1
14.463787599575717,24.009175763094394,7,0,3,37,0
49.289123975801715,24.29428030948066,3,1,4,34,0
86.71149490559358,28.292589370533594,6,3,3,37,0
77.25615048319699,45.83780015593734,7,1,2,45,0
75.01997164143629,40.040904992987514,1,2,3,38,0
61.4932106154288,22.556503489892073,2,0,1,36,0
60.2118947588453,35.9349632986398,4,1,1,20,0
40.19036581579659,29.31177493903808,8,0,4,47,0
80.96485260607605,24.618352435062445,6,0,2,22,0
72.62918833168169,9.615788639217527,1,1,4,59,0
74.76056543978397,23.196813172744545,5,1,1,23,0
44.21895471997259,12.290929351128732,7,1,2,20,0
5.0,45.74210749258273,6,2,3,66,0
92.91458135261087,16.770340674817348,9,1,2,59,0
45.634876319747875,47.613200726668616,8,0,5,41,1
34.11672707870638,26.65276450473556,4,1,2,61,0
80.8043673574198,31.577218933808016,5,1,3,18,0
48.23962080242611,27.14702222446639,7,2,5,67,0
91.79809152139865,6.469030848335045,8,1,4,68,0
78.51017848730092,18.79106095039705,5,1,2,69,0
80.50707969601433,4.957305613881196,9,1,4,53,0
19.021328663983972,31.147702209169086,4,1,2,32,0
96.35831956159201,22.343709760021945,4,2,1,58,0
67.83751593701568,38.89924857854684,8,2,1,55,0
48.92168582261391,11.023524049968492,1,0,3,61,0
64.30165402026753,8.228302921466746,8,0,1,35,0
6.712943013050399,20.31661154818839,5,2,5,40,0
72.25958434442012,46.329269160919054,1,0,5,64,0
29.118854754537853,35.52109075062059,4,1,2,46,1
19.419891424693965,20.946181239645934,2,2,4,68,0
14.329224413463265,25.863608487715528,4,1,5,58,0
93.38065124969776,4.210650558854917,8,1,2,39,0
41.12209818921634,49.22879481880565,5,1,4,41,0
106.01183129749498,33.32036523474595,1,0,1,62,0
43.925956108431066,14.270203423171123,7,0,2,65,0
8.779261272211599,29.290419710762215,1,1,4,30,1
26.504266801540226,5.474118303449699,9,1,3,50,0
97.07434860020817,48.29183344037918,3,1,3,67,0
55.323054661899974,8.739249394168297,3,1,5,39,0
43.551381105281976,32.40151590276071,6,1,4,52,0
64.80054677558363,12.272723126946522,6,1,3,34,0
75.05348208502635,35.87806913242679,6,0,5,39,1
93.52196447707382,38.841068362014056,1,0,2,22,0
103.45497689678778,33.670986445571636,5,1,2,42,1
49.20694062632743,30.724973012759627,6,0,4,23,1
20.218569417538852,44.623454697600586,8,1,4,34,0
47.59604516630172,3.931335549487902,1,1,4,48,0
67.80841519748658,16.54573828900976,5,2,4,34,0
31.087232213681673,12.414373981542298,3,0,3,50,0
31.285472553148715,49.40069810327108,2,0,3,56,0
70.31363644649656,19.469488983343673,8,1,5,65,0
58.540429452886464,36.63063496201994,7,1,3,54,0
60.983909862347595,34.23625819405023,7,0,2,65,1
37.24513995899792,10.604061873868886,5,0,5,21,0
53.08797857382698,11.949884010577566,9,3,3,60,0
32.27300567195087,14.064228177651705,5,1,4,31,0
86.7059523337436,20.556363912968962,2,1,3,30,0
91.05748004171258,11.71625328252634,3,3,1,44,0
5.0,0.9825741373423902,4,0,5,41,0
32.1146741942277,43.96965284035977,5,0,3,44,1
15.104122347297626,48.2804915690442,3,1,3,25,0
40.49928196779305,17.078519351578397,7,4,2,69,0
57.49686090628917,16.925343971273644,5,1,4,64,0
16.5106434090441,0.35459063871854934,5,2,4,67,0
32.34420560624061,34.012534416518704,6,1,2,56,1
29.881278837555044,41.27199478743144,7,1,2,38,1
66.21801988196832,7.330415018000158,8,0,1,68,0
62.08033011108751,7.983317468357537,9,4,5,58,0
38.3478733998824,39.50416249857189,4,0,4,28,0
65.30462616418194,30.814537417707232,5,2,2,48,0
43.599597462382036,2.2430278813858506,5,3,2,44,0
51.8503466902184,31.127349523114084,8,2,5,59,0
110.20356270895611,15.445886142188304,9,0,2,63,0
100.21383155371043,18.436257773542298,7,2,1,65,0
21.01256289217207,38.48657091484401,5,0,5,44,0
84.89197253637523,40.54675963363053,3,1,1,25,0
84.34189663474777,20.01783134199153,1,1,3,50,0
25.552101337421448,47.35764680031774,9,2,4,29,0
84.56332931264582,20.32313589760361,5,1,2,52,0
106.13795755237658,38.591801761505494,9,0,5,51,1
26.32365581266758,24.193863228212955,4,2,1,33,0
32.47491536957209,44.8766163261042,5,1,4,53,1
90.52984400530508,45.38806218250893,4,0,4,19,0
68.14485932476944,4.370840393554193,2,1,2,29,0
76.5442882571857,46.824666565511286,1,0,4,44,0
70.2176764920149,41.27674207602078,8,1,2,34,0
71.72087762784432,39.565535715633345,4,3,3,37,1
20.20583615066751,10.045566984276121,5,3,2,38,1
91.41953119864345,40.25596043773324,6,3,1,47,1
95.0876997728332,42.50663673425184,8,3,4,59,1
53.11827767795917,14.457516722707547,8,1,4,37,0
58.69569150558413,47.613003918116185,7,2,4,25,0
14.066774923328339,2.4930073199582123,4,1,2,35,0
75.42764268053504,7.495462662356983,6,1,5,35,0
77.16172325142432,26.879056902575716,4,3,2,35,0
58.13426949002067,28.789623556115483,7,2,1,19,0
93.73060079611508,32.25750416504517,1,0,2,29,0
49.977683070601785,0.8484564657733229,5,1,4,49,0
76.938177776808,48.01833873110651,4,0,3,59,0
29.41006983923653,2.2294046367071996,7,1,1,25,0
59.29343547377286,7.153097636170119,9,2,3,68,0
54.76937226291493,0.700725876302849,5,1,1,27,0
66.75923766122824,28.342921664704733,4,0,1,28,0
48.91419213499924,46.613344196048615,9,1,4,31,0
56.055822129849965,33.29735830402321,5,1,2,43,0
84.7814151432452,41.13287342402137,9,0,4,64,1
46.89707288285348,0.6640601729290041,8,3,4,47,1
11.80268697783962,27.100764923986304,4,0,4,59,0
112.48751712616263,22.978148875276094,7,1,3,21,0
101.4436223607146,24.94839721103965,5,1,1,56,0
21.232119146831444,3.6106592667593973,4,1,5,28,0
80.69123415735584,34.221768053465375,5,3,2,41,0
44.910756883459705,25.161020742931722,5,2,4,39,0
67.90461645993179,38.257442493063195,9,0,1,20,0
68.8267238704048,24.26453170308577,9,1,2,54,0
52.967765990510344,7.469081811321604,6,0,5,19,0
36.48703003240811,32.4128477038911,4,2,5,29,1
39.28376843051222,8.619318105258312,2,2,4,38,0
32.51424253556273,43.619728167740746,3,1,5,22,0
35.04533375308666,30.655811953462077,2,0,5,24,0
57.98465129851934,7.8601941778477125,5,1,2,21,0
38.527200326677445,48.116902874060344,6,0,2,60,0
80.4615619713786,25.91827316676603,5,0,4,58,0
104.61738466007782,3.6449225935827503,2,2,1,53,0
42.598402758898715,31.34164522075336,5,0,4,39,1
67.18213501606131,12.65994535064051,9,1,3,46,0
74.99055330908801,40.18467259386512,4,1,5,26,1
74.16006812757823,40.891103678309534,2,3,1,43,0
62.27865803748262,48.94736779273309,3,3,2,29,1
82.28047255079167,25.093476551225187,3,2,3,65,0
74.46746858041972,22.747843986386858,9,3,3,18,1
22.870127330181063,37.67378027232403,4,2,5,25,0
86.0746819316782,6.623532817096328,1,2,2,50,0
86.61872511800226,27.34577568965621,1,0,1,69,0
37.10141687464255,27.312380006542547,7,1,2,68,0
61.13813506342806,4.473656140519361,7,2,5,21,0
80.49986978433208,20.899204275345678,2,2,3,31,0
53.72058541261915,42.6642399283601,9,2,5,46,0
92.18934143298036,42.80768109973302,9,0,4,31,0
130.91617483858084,4.96188324598405,5,2,3,26,0
36.42041902095053,4.536044137391543,3,4,5,26,1
18.568661905386755,13.134773850096765,3,2,1,43,0
69.11455786814628,43.73830312769967,3,3,1,66,1
81.64687515378431,6.445129253674947,6,0,1,64,0
53.07400878465693,35.99984013137231,4,1,4,59,0
103.59781989963102,5.0582809806551605,8,1,2,34,0
19.841826008302533,31.15689268739127,5,0,1,58,1
80.78755869094833,17.80336495595724,1,0,4,21,0
41.8241753772332,39.44569814829335,9,2,1,63,1
111.5813371862189,11.68452244126818,1,1,4,20,0
119.77546059504354,31.960091469497993,6,0,1,46,1
37.00030236649957,11.784126728794247,1,2,2,42,0
43.5132859227426,35.68301415560769,3,2,5,38,0
85.78763660939406,43.68390172803744,5,0,1,29,0
48.38608050631456,6.3400899563380015,7,1,5,18,0
58.637663462032855,43.329784429775174,8,0,1,18,0
60.76165261627231,29.678762720714897,9,2,2,62,0
5.0,6.355524543351199,6,0,5,63,0
59.58486761717288,21.3770927679856,9,2,4,65,0
39.308166778074785,8.043014674254895,8,1,1,24,0
45.20631532800684,35.01739444332848,9,2,1,27,0
103.30896010406443,37.943406720897485,4,3,4,32,1
22.304793171622308,5.2898260136399475,9,0,2,57,0
84.39615560243932,25.306992634732218,7,1,3,28,0
51.63111209004575,40.73125280129586,5,0,1,63,1
51.60719494512497,46.80815207754983,5,2,4,62,0
83.71115688155135,25.6758933370885,1,1,3,40,0
70.20153883706672,47.513961180570355,2,2,1,30,0
77.11838991658593,26.78444852280149,3,0,5,44,0
89.04553981598583,19.709524729995398,8,1,4,58,0
50.06074850450032,42.41015642764477,6,0,5,34,0
41.632897964767494,24.64913552290445,5,1,2,67,0
27.445484203266055,23.595125528226152,1,1,3,68,0
35.23768410063134,24.515624470491414,9,1,4,30,0
148.47283275926176,42.339250093487266,3,0,1,29,1
97.3403874221036,41.597077084402606,3,1,1,46,0
19.46776901375936,20.17599962201056,2,2,3,38,0
20.326261297692895,16.66499299352625,4,0,5,37,0
74.45598185155474,24.596401201956464,2,0,5,37,1
76.417943921339,28.638625486855453,9,2,4,48,0
76.46651505952093,11.916860531399848,7,0,4,25,0
52.35132619338906,39.697754235779534,8,1,5,41,1
56.23637219991299,24.324138286621142,3,0,4,28,0
69.83638572478073,16.70227742099798,6,1,5,56,0
62.57679018879991,5.34104964819953,6,1,3,50,0
5.0,11.942258020180347,1,1,4,59,0
53.10601108274419,47.46405858779919,6,0,5,32,0
34.457806972190596,15.25498434097633,3,1,4,21,0
65.25634256725536,8.442964468351766,3,2,1,18,0
149.5577700781023,23.03363958274966,3,0,1,49,0
71.02444996422913,15.354387168012435,8,2,2,28,0
50.59410941482806,1.7579625135597077,5,3,5,47,1
87.65404505931757,16.157260863970862,4,0,2,54,0
74.48063661627639,27.20543119697343,9,2,5,36,0
72.60283471355524,27.585618600998345,9,2,4,68,0
78.20551779647013,17.827946058844436,1,2,5,53,0
121.69630694488623,22.36513781263003,2,2,1,51,0
26.073346940222528,48.27589591173832,8,6,4,24,1
74.20896230434363,18.86742386151558,5,2,1,62,0
32.208566100553846,12.911340662999148,7,1,4,37,0
76.66537939026745,12.173352203338005,1,1,5,29,0
32.439404655417164,22.888230635206707,5,1,5,49,1
47.478995591847465,37.9760074358472,3,2,1,19,1
51.14730257286281,10.29940920942366,2,1,3,39,0
89.27450158034128,35.464806357038405,2,4,5,58,0
87.55363331827242,1.0574911674708143,9,0,3,65,0
22.62847870660847,20.9466488991973,4,0,4,57,0
61.64802332999546,38.793253260139345,4,1,3,41,1
38.712604357524825,16.936647788721572,7,0,1,67,0
22.244852679739964,28.186855072269974,2,1,2,48,0
53.489488487268886,10.24896164129554,3,4,2,21,0
50.74551634632541,37.099769556308615,3,1,1,41,0
132.80149459036568,2.613955163437981,6,0,2,60,0
72.98879476082088,42.627132243775016,3,0,1,34,0
18.67147497737288,9.909819321083408,5,3,5,57,0
43.05677987487174,43.71990158541654,4,2,3,36,1
90.64149886288195,17.626462065025866,3,0,2,57,1
122.65328318609775,36.13417872372433,8,0,5,55,0
12.420500632861248,15.961264889309422,3,2,2,51,0
5.0,45.29558356173238,6,0,4,64,0
116.12895526115346,6.331856275918718,7,2,1,50,0
71.68842532112711,8.925989463629936,7,1,1,23,0
33.951218043709005,24.651506257940113,2,1,5,68,0
76.03887258367305,4.096921951907307,3,1,4,53,0
5.0,9.799009235088096,4,1,3,30,0
60.10126519791483,47.188319110600716,7,2,4,64,0
69.83463518529256,48.82448305739436,2,0,4,26,0
87.72810418613489,18.812966466521097,3,3,3,52,0
29.58312143122387,46.164301050696785,7,0,3,51,0
62.570614842100774,27.241233783671586,7,1,4,33,0
32.23726121821238,13.487123293688352,3,2,2,35,0
67.66151267022951,35.119936054029935,1,2,2,35,0
33.139610329109274,32.94509032874286,3,2,4,55,0
47.75697482519338,49.45626595543667,5,0,2,67,0
30.12553815629313,13.252364370464164,7,5,3,60,0
79.5340872547097,33.60297513308677,4,1,3,49,0
85.75353349969996,2.6011877514723447,1,0,2,24,0
52.96138290127759,5.68230193483597,6,1,3,40,0
61.14713984880085,0.1959187475546631,2,3,1,40,0
16.542257560993676,49.97303405298366,3,0,3,63,0
51.009700559796386,40.11368485737389,4,1,4,35,0
58.493861488747655,39.33615073667704,6,0,5,24,0
138.62379273089925,25.486303764408984,6,1,2,59,1
26.64098922677509,15.003354145271997,7,3,2,57,0
103.92531716257312,7.563214223133796,5,1,3,41,0
89.90576320397423,14.233736942323183,7,0,3,31,1
68.41909213470409,18.798561096456957,2,0,5,67,1
112.758614525854,37.8155048490147,1,0,5,22,0
71.16316417820589,26.98308944515762,8,0,4,63,0
71.67477587003786,3.874181327774134,1,0,1,39,0
58.40638040947364,0.901450447945612,2,0,4,39,0
96.70706647255882,5.116608976703158,6,3,2,27,0
92.89407701432651,20.524935684868968,1,2,3,43,0
41.22968137511363,46.659645852450915,3,4,4,32,0
20.422584162036976,31.87012406046108,7,1,3,55,0
53.91058087813029,40.091294993775755,8,0,3,58,1
35.998843068070606,23.318729725227428,4,1,4,59,0
58.09426276153935,18.08330415975214,3,0,4,66,0
97.12314404052418,5.420018635831136,1,1,5,18,0
46.2809503473963,43.79665110931025,9,0,1,31,1
58.715298560652755,39.158001451395144,6,0,5,53,0
61.740682044251855,8.405904879886256,6,1,1,48,0
85.45292646615854,25.613028193813026,9,0,4,45,0
5.0,24.368740396062243,1,2,1,51,0
41.7989911570411,31.25457763432643,6,0,2,52,0
66.33851076838418,47.30934469956306,5,2,5,56,0
96.00236869280585,28.98857208812398,6,1,5,40,0
45.24292657481384,27.01086333893093,8,1,5,63,0
5.0,2.516146646733197,5,1,3,61,0
78.59134337898409,3.1453738009011967,2,2,3,36,0
40.93912833523112,9.367339566339444,2,1,4,35,0
24.31000022728916,1.623538584587414,5,0,4,32,0
41.26963830860328,37.167644778500616,3,1,3,18,0
54.46423927032451,36.16651519969815,3,1,5,42,0
41.857660063853615,6.802811721582147,8,0,3,43,0
5.0,41.803945039764045,7,2,1,52,1
86.91198590661396,7.7393017423055985,1,1,5,32,1
98.24625123836167,15.05877934986794,5,1,3,21,0
79.54565974018517,12.44884495806825,9,0,4,32,0
25.8694298872555,18.61535492865239,4,1,3,59,0
53.95525398157446,12.733188294498094,1,0,2,55,0
59.80436054311626,24.4475463219226,8,3,3,62,1
77.9638316868573,20.37039406773427,5,2,5,56,0
80.05021466154243,49.328474538966326,2,0,3,18,0
37.97478603664513,2.7963175064112833,1,1,4,39,0
62.45986669240681,7.109068819367581,3,2,1,28,0
73.71841213845724,2.6412946954301244,9,0,2,63,0
103.674669664403,31.29205974911879,1,0,5,55,0
81.1351961947417,2.725463870685979,4,1,4,54,0
83.67170062126557,41.821986868806164,8,1,2,68,1
62.514798837880825,25.59693153409639,8,1,3,43,0
102.31377435610511,26.350381229076685,8,1,2,68,0
72.29288387878492,28.07972538560971,8,0,1,44,0
34.167362694792885,8.540685315310537,4,0,2,30,0
102.10109910375573,9.884515155724378,8,2,2,24,0
80.93709817617082,15.940866143650235,9,1,3,25,0
46.70867936614553,29.67482079109257,7,1,3,63,0
45.6152109780227,10.505888797010726,2,1,5,68,0
68.89726635422285,5.816586356663062,9,2,3,68,0
73.89554385802754,48.50584432092161,8,1,2,40,0
65.9187679689362,1.0990907404811456,5,1,1,43,0
69.33926020328654,40.13487026680108,3,2,3,61,0
110.99872123729142,39.4017574787511,7,0,5,44,1
92.14629456704657,14.8607056922548,2,3,5,26,0
65.71906773795072,6.78133080036567,3,2,2,63,0
88.2393174230245,7.2814323352711705,9,1,3,55,0
29.024282894173815,34.87158086185963,4,0,3,64,0
71.93781149840427,32.140329554308686,4,0,5,30,0
114.2791904919933,39.137283712569335,3,1,3,24,0
53.45862313822879,46.874058619955235,5,2,2,28,0
34.57098214142746,34.5963681633296,3,1,1,27,0
40.43733334220818,7.792576827572173,9,1,2,50,0
27.311008879728348,12.172130838270533,3,3,3,56,1
36.4571427561689,42.10968654365573,2,2,2,67,0
48.88475704229913,10.46530379171043,5,2,4,20,0
17.832989424640736,3.626115847724071,6,3,4,58,0
60.46855001848809,35.164002702112526,1,1,3,46,0
87.06831521359942,20.1263177745071,6,1,3,54,0
32.76731459559239,46.00200262729518,3,1,1,62,0
105.57851770925306,32.51275355468308,4,0,2,33,0
75.32376265582784,4.520948889583037,6,1,1,33,0
90.91741756872172,47.392828362683034,8,0,3,61,1
40.26496338443589,12.927863182012295,9,2,3,67,0
85.63575681199848,16.86062452031429,6,1,5,60,0
27.241982988140606,20.1130206841771,7,1,1,66,0
86.70742502509526,2.5612148202156626,5,0,3,24,0
65.15518019380593,24.825771111530244,9,1,4,32,0
76.5975365995435,6.165924553764612,4,2,5,55,0
24.73216183125445,20.048516334417588,6,6,2,23,0
33.14790473170186,17.535489399604216,5,2,5,35,0
77.91684654760155,38.64200417132517,1,0,2,36,0
31.549559873273978,40.15852558163655,5,0,4,69,0
73.8961887629737,7.6706441194544,5,3,2,68,1
18.985865806192628,18.32755936896131,9,1,1,19,0
85.44522638000004,18.667658051591584,1,1,2,20,0
23.02430055694473,7.570522196804252,5,2,2,63,0
76.5689981303857,39.92267525255953,7,2,5,42,0
78.76892800938003,35.36141641677116,6,2,4,53,0
39.096845447112756,9.519089314851737,6,4,2,66,1
77.4607970125418,18.33609542968995,7,4,1,45,0
67.81326790000668,5.290251242825711,6,0,5,55,0
43.83474431421785,31.410329854652197,5,3,4,45,1
29.743359477713756,6.068596227430984,5,1,4,49,0
5.0,49.29670843124589,9,2,3,68,0
70.48950141899081,39.03410373439311,8,0,1,58,0
13.055916859138343,19.511927479199752,4,1,5,53,0
62.86032598323925,28.92819661396772,4,3,5,56,0
52.09655351753253,45.56709081082044,5,0,1,53,0
80.37428326314586,27.704964019791305,3,2,4,60,0
50.93863501530407,8.72492431989776,8,0,2,40,0
50.11656640958726,18.935167779057966,7,0,1,19,0
81.95612112864887,42.15724325148727,5,1,5,27,0
70.05174087252352,32.210650799480895,3,1,1,23,0
69.48467871548334,32.536219216690014,5,0,4,25,0
74.07802769425578,43.34107428442446,3,0,3,32,0
13.932836303786829,44.69865287312523,5,0,3,62,0
82.70366039960946,45.98962858897181,1,3,2,46,0
78.37406382040807,4.742459662657805,6,1,2,45,0
29.499506142705084,27.206300098155044,4,3,4,39,1
52.677585789773964,37.02547606091593,4,1,2,51,0
58.820781371171066,37.84634225635069,8,1,3,37,0
55.965096467948015,30.335810098500193,2,1,4,50,1
70.01579899705604,8.339366759183708,4,2,4,32,0
102.9410034549355,39.871027697083214,2,0,4,24,0
92.45300183018486,36.00556667574729,1,1,1,41,1
20.633424197057813,4.306788577451814,3,3,2,43,0
78.66209970918146,23.190491233718813,8,3,5,67,1
99.8679995860623,8.69886997609018,6,1,3,27,0
71.60425562067608,16.873852285648596,7,1,2,32,0
92.729412755579,0.9040546102842717,2,0,3,54,0
120.36811337102296,20.016493420537913,6,1,2,41,0
90.71128638320944,27.493846057810522,8,2,5,28,0
67.47925786925187,30.97912964135434,8,2,3,57,0
91.35265422254261,33.17451725643551,4,0,5,38,0
64.34663499290673,41.814565655123,6,2,3,57,0
60.71709129854867,10.773145363786501,5,1,1,55,0
49.45757292858802,6.024091121923397,9,0,1,32,0
106.90240076496325,42.57685859489628,8,0,3,32,0
35.447140021739955,7.830640744632494,2,0,3,54,0
105.97103174034348,48.738004066809765,7,2,5,62,0
74.99592371221114,42.12691146993185,7,1,4,31,0
18.020814755941757,25.043830294479957,1,1,3,60,0
71.02947878974265,49.07107124610126,1,0,2,69,0
5.0,4.868836455400211,4,1,2,38,0
78.76524050493107,15.153288058755082,5,2,2,61,0
86.55694448966973,31.911220752030573,4,2,1,37,0
42.229321330438395,17.500343423658936,7,0,5,50,0
63.70643087866747,46.41862759903959,3,0,1,20,0
118.62472301250858,3.281304408890878,7,2,2,57,0
44.8275988721419,27.470591603048227,8,1,3,40,0
28.232772388301985,29.543313369755726,6,0,2,61,0
104.44990207387796,32.63640618886121,6,0,3,64,1
118.87761571592384,12.783311166590721,8,1,5,40,0
60.11087015543542,18.22832137599322,8,2,4,44,0
90.34389106225069,42.184026483248886,7,1,3,52,1
100.24427746592643,9.747138448507991,6,2,1,42,0
37.72547302384848,41.343392358668105,6,0,2,49,0
45.44082493896395,28.13277114513712,6,1,2,39,0
96.92623539464205,38.109375559704105,8,1,2,25,0
110.55042836125529,35.680368313173574,1,0,3,68,0
76.88642580523064,10.37557476924395,5,1,5,69,1
33.60556939493837,28.440636821693644,3,1,3,55,0
119.61183335098323,43.386157640254616,8,1,1,35,1
44.07087306564107,21.605811840096468,6,1,2,45,0
49.945866564856445,48.329538511165836,2,1,3,45,0
70.27013503468865,22.610755005085903,7,1,2,28,0
106.62481262144323,7.139281833394234,7,2,1,29,0
85.6192792965667,19.47173400388366,5,1,4,19,0
72.44596501085731,47.58512031952686,8,0,4,54,0
73.89865590354319,15.98604246699271,5,1,4,21,0
61.30544005930398,43.40490799335314,1,0,2,58,0
76.74418543555518,44.06253408409449,9,0,3,62,0
5.0,17.509326216598055,4,0,2,62,0
51.10177622790605,4.1628829025316065,2,2,5,64,0
67.23965804750343,36.22789545794091,4,2,3,51,1
25.46957749141479,15.5756149506993,9,3,1,40,0
71.5896995343468,39.14618071287862,2,0,4,30,0
53.865863370416356,22.132742413021656,4,0,3,24,0
112.66427094946471,24.26333711713108,2,5,3,49,1
107.19059175644568,38.89547033742684,5,1,4,40,0
46.02583292645512,19.118166553081394,3,1,1,66,0
55.47486865299914,22.156367266145725,2,1,2,25,0
57.78157303174822,18.809523438481108,9,2,2,67,0
46.45021571521132,18.367025763864,5,0,3,64,0
65.8507495208438,26.297328845072972,5,2,4,64,0
37.25153793337229,40.43997222505754,1,1,5,54,0
26.081539951874213,18.088415596128293,6,2,1,51,0
78.68133671700807,26.212736026886834,7,2,2,65,0
78.88588752665433,33.53636627213004,1,1,1,46,0
35.87052721020023,13.47197231518275,9,3,1,54,1
86.86066292287799,13.876140245119629,8,3,1,40,0
41.05266812504006,46.67065635117274,8,0,4,55,0
67.59495714113943,36.17672866655443,7,1,4,46,1
84.61032037837369,28.859333811165445,5,1,4,61,0
58.99162305888861,32.3860027210306,3,2,3,22,0
73.64222736423403,1.4649721551709183,9,1,4,69,0
44.507110683372844,30.905148278084845,7,2,3,57,0
54.106002497157085,25.475443661210097,8,1,2,28,0
53.82421707358979,27.287483988971783,6,3,2,31,0
37.602649603792834,17.971191341540855,5,2,2,66,0
54.69677510652654,4.073694885647095,8,1,2,59,0
13.5414510340876,9.66696168060261,3,3,2,19,0
45.26538758573686,47.537235660633584,7,0,4,52,1
51.453735198909875,20.4349781135467,2,3,5,62,0
52.3146074251386,23.33415779154321,3,1,4,66,0
52.75507662387663,2.6354894926719497,2,0,5,52,0
58.147074004196135,1.8783114771990295,5,0,4,59,0
74.38324554258192,35.85907235233788,7,4,2,45,0
86.23551222397568,26.904733206055564,1,1,1,25,0
40.50704319455198,25.435299210813334,9,1,5,49,0
23.903974338325668,12.156226521133433,1,1,1,21,0
28.73866763270691,37.23753658149611,1,0,2,62,0
45.38391236415219,8.411828955424594,8,1,5,24,0
49.44236046550473,9.496737183051001,6,2,1,56,0
36.900118014076284,23.035608567413774,6,3,4,65,1
21.116500072503165,14.313993105597046,9,0,2,44,0
46.316375175774354,12.373149061657319,4,0,4,54,0
65.44279860341913,32.26188222766658,8,2,4,34,0
77.85088397506695,32.54858726092723,4,1,2,27,0
43.277308406750365,41.22585348999646,2,0,5,21,1
47.61006533569698,20.885428348648794,8,1,3,40,0
32.19905073458068,3.654254551307512,7,2,3,31,0
59.05682488875671,13.683319246072884,4,1,2,22,0
34.547140974275564,49.000273159840845,9,1,3,19,0
77.193834397236,29.812928761635106,9,1,1,63,0
6.424005241976666,35.48685424005102,8,0,5,41,0
49.211109826426124,0.3678914812707268,1,2,4,35,0
69.03322017575226,25.910286609126043,7,0,4,44,0
